Job ID,Job URL,Job Title,Status,Timestamp
f481323d29e625c0,https://www.myjobmag.com/job/2423/wathab-field-engineer-water-and-habitation-engineer-icrc-international-committee-of-the-red-cross,Wathab Field Engineer (Water and Habitation Engineer),posted|wp_id=41579|https://nigeria.mimusjobs.com/job/wathab-field-engineer-water-and-habitation-engineer/,2026-09-16T11:50:57.171740
ed8a6cc93ef17bfb,https://www.myjobmag.com/job/2418/bursar,Bursar,posted|wp_id=41580|https://nigeria.mimusjobs.com/job/bursar/,2026-09-16T11:51:06.590225
bc08cdaafec3553f,https://www.myjobmag.com/job/2419/director-of-physical-planning,Director of Physical Planning,posted|wp_id=22231|https://nigeria.mimusjobs.com/job/director-of-physical-planning/,2026-09-16T11:51:14.310368
67c862974d9a7b42,https://www.myjobmag.com/job/2420/director-of-works-and-maintenance,Director of Works and Maintenance,posted|wp_id=41581|https://nigeria.mimusjobs.com/job/director-of-works-and-maintenance/,2026-09-16T11:51:22.782438
62356dce2bfa0ef2,https://www.myjobmag.com/job/2421/director-of-health-services,Director of Health Services,posted|wp_id=41582|https://nigeria.mimusjobs.com/job/director-of-health-services/,2026-09-16T11:51:29.522094
5caa827b41c43a35,https://www.myjobmag.com/job/2422/director-of-university-farms,Director of University Farms,posted|wp_id=41583|https://nigeria.mimusjobs.com/job/director-of-university-farms/,2026-09-16T11:51:36.102110
208c520fa493e5e2,https://www.myjobmag.com/job/2416/credit-specialist,Credit Specialist,posted|wp_id=41584|https://nigeria.mimusjobs.com/job/credit-specialist/,2026-09-16T11:51:44.807232
640e12185dbe7a82,https://www.myjobmag.com/job/2417/household-economic-strengthening-hes-specialist,Household Economic Strengthening (HES) Specialist,posted|wp_id=41585|https://nigeria.mimusjobs.com/job/household-economic-strengthening-hes-specialist/,2026-09-16T11:51:51.808778
ba392edb2a413ceb,https://www.myjobmag.com/job/2414/medical-doctors,Medical Doctors,posted|wp_id=41586|https://nigeria.mimusjobs.com/job/medical-doctors/,2026-09-16T11:52:02.217709
94795e9c696df868,https://www.myjobmag.com/job/2415/radiographers,Radiographers,posted|wp_id=41587|https://nigeria.mimusjobs.com/job/radiographers/,2026-09-16T11:52:13.307884
3e7580cad3f7fc52,https://www.myjobmag.com/job/2402/food-and-beverage-department,Food and Beverage Department,posted|wp_id=41438|https://nigeria.mimusjobs.com/job/food-and-beverage-department/,2026-09-16T11:52:22.774263
2ebe43f524fb5c50,https://www.myjobmag.com/job/2403/kitchen-section,Kitchen Section,posted|wp_id=41439|https://nigeria.mimusjobs.com/job/kitchen-section/,2026-09-16T11:52:30.097658
45416a54d6a0f73f,https://www.myjobmag.com/job/2404/house-keeping-section,House Keeping Section,posted|wp_id=41440|https://nigeria.mimusjobs.com/job/house-keeping-section/,2026-09-16T11:52:37.027179
7aeef8958fb3054d,https://www.myjobmag.com/job/2405/front-office-section,Front Office Section,posted|wp_id=41441|https://nigeria.mimusjobs.com/job/front-office-section/,2026-09-16T11:52:44.019793
f5ef6a549a5c2c71,https://www.myjobmag.com/job/2406/engineering-department,Engineering Department,posted|wp_id=41442|https://nigeria.mimusjobs.com/job/engineering-department/,2026-09-16T11:52:51.310374
251ae44b8d01f6d1,https://www.myjobmag.com/job/2407/security-department,Security Department,posted|wp_id=41443|https://nigeria.mimusjobs.com/job/security-department/,2026-09-16T11:52:59.493712
f43d34e39827ad78,https://www.myjobmag.com/job/2408/human-resources-department,Human Resources Department,posted|wp_id=41444|https://nigeria.mimusjobs.com/job/human-resources-department/,2026-09-16T11:53:09.251742
8bf5160eaeacadfd,https://www.myjobmag.com/job/2409/accounts-purchasing-and-stores-department,"Accounts, Purchasing and Stores Department",posted|wp_id=41445|https://nigeria.mimusjobs.com/job/accounts-purchasing-and-stores-department/,2026-09-16T11:53:17.000396
1f011ab1fe8e7438,https://www.myjobmag.com/job/2410/audit-section,Audit Section,posted|wp_id=41446|https://nigeria.mimusjobs.com/job/audit-section/,2026-09-16T11:53:24.069791
29443f64978da640,https://www.myjobmag.com/job/2411/sales-and-marketing-department,Sales and Marketing Department,posted|wp_id=41447|https://nigeria.mimusjobs.com/job/sales-and-marketing-department/,2026-09-16T11:53:31.262540
07d43fa0817bd56b,https://www.myjobmag.com/job/2412/it-department,IT Department,posted|wp_id=41448|https://nigeria.mimusjobs.com/job/it-department/,2026-09-16T11:53:37.288537
47f1c0fcd6c5408e,https://www.myjobmag.com/job/2413/general-administration,General Administration,posted|wp_id=41449|https://nigeria.mimusjobs.com/job/general-administration/,2026-09-16T11:53:43.342313
ad9dc0ea343e699c,https://www.myjobmag.com/job/2400/interns-to-support-child-health-interventions-x10-tship,INTERNS to Support Child Health Interventions (x10),posted|wp_id=41453|https://nigeria.mimusjobs.com/job/interns-to-support-child-health-interventions-x10/,2026-09-16T11:53:53.126597
90895cc511b30c0f,https://www.myjobmag.com/job/2401/child-health-facilitators-tship,Child Health Facilitators,posted|wp_id=41455|https://nigeria.mimusjobs.com/job/child-health-facilitators/,2026-09-16T11:54:02.111385
cee6415ef6cfddb9,https://www.myjobmag.com/job/2399/machine-operators-bobo-food-and-beverages,Machine Operators,posted|wp_id=41429|https://nigeria.mimusjobs.com/job/machine-operators/,2026-09-16T11:54:12.235745
16fa1fa56b3e12b7,https://www.myjobmag.com/job/2398/graduate-trainees-first-bank,Graduate Trainees,posted|wp_id=11980|https://nigeria.mimusjobs.com/job/graduate-trainees/,2026-09-16T11:54:21.506392
c322e4866c424fa3,https://www.myjobmag.com/job/2396/accountant-bryden-consulting-limited,Accountant,posted|wp_id=463|https://nigeria.mimusjobs.com/job/accountant/,2026-09-16T11:54:31.067707
2e8ded7b2d7ad5eb,https://www.myjobmag.com/job/2397/accounting-officer-bryden-consulting-limited,Accounting Officer,posted|wp_id=2727|https://nigeria.mimusjobs.com/job/accounting-officer/,2026-09-16T11:54:38.657399
887affc9bee6bc5c,https://www.myjobmag.com/job/2395/marketers-bryden-consulting-limited,Marketers,posted|wp_id=41433|https://nigeria.mimusjobs.com/job/marketers/,2026-09-16T11:54:47.723017
d58c4601a631502a,https://www.myjobmag.com/job/2394/legal-officer,Legal Officer,posted|wp_id=5787|https://nigeria.mimusjobs.com/job/legal-officer/,2026-09-16T11:54:55.691854
38b0f3f7ec438f5a,https://www.myjobmag.com/job/2387/site-superintendent,SITE SUPERINTENDENT,posted|wp_id=41434|https://nigeria.mimusjobs.com/job/site-superintendent/,2026-09-16T11:55:06.150537
45c7435048b6a2e7,https://www.myjobmag.com/job/2388/site-supervisor-civil,SITE SUPERVISOR - CIVIL,posted|wp_id=41435|https://nigeria.mimusjobs.com/job/site-supervisor-civil/,2026-09-16T11:55:12.745133
09217a8f5be5a5ef,https://www.myjobmag.com/job/2389/site-supervisor-e-amp-i,SITE SUPERVISOR - E & I,posted|wp_id=41436|https://nigeria.mimusjobs.com/job/site-supervisor-e-i/,2026-09-16T11:55:20.268020
292412a3e4e33bdd,https://www.myjobmag.com/job/2390/construction-engineer,CONSTRUCTION ENGINEER,posted|wp_id=41437|https://nigeria.mimusjobs.com/job/construction-engineer/,2026-09-16T11:55:27.237943
3548b69c877865d4,https://www.myjobmag.com/job/2391/civil-engineer,CIVIL ENGINEER,posted|wp_id=20961|https://nigeria.mimusjobs.com/job/civil-engineer/,2026-09-16T11:55:33.761312
eca04ab15c9e618a,https://www.myjobmag.com/job/2392/material-controller,MATERIAL CONTROLLER,posted|wp_id=41456|https://nigeria.mimusjobs.com/job/material-controller/,2026-09-16T11:55:40.965194
fb4ba5e25d8ab256,https://www.myjobmag.com/job/2393/senior-instrumentation-engineer,SENIOR INSTRUMENTATION ENGINEER,posted|wp_id=41457|https://nigeria.mimusjobs.com/job/senior-instrumentation-engineer/,2026-09-16T11:55:47.467316
e069f84e8698ed5d,https://www.myjobmag.com/job/2382/state-team-leader-paths,State Team Leader,posted|wp_id=41461|https://nigeria.mimusjobs.com/job/state-team-leader/,2026-09-16T11:55:57.692783
8fbfbf5c47535366,https://www.myjobmag.com/job/2383/health-management-information-systems-hmis-officer-paths,HEALTH MANAGEMENT INFORMATION SYSTEMS (HMIS) Officer,posted|wp_id=41463|https://nigeria.mimusjobs.com/job/health-management-information-systems-hmis-officer/,2026-09-16T11:56:07.629302
76d8389e9a0e1ae5,https://www.myjobmag.com/job/2384/program-assistant-paths,Program Assistant,posted|wp_id=41465|https://nigeria.mimusjobs.com/job/program-assistant/,2026-09-16T11:56:16.666764
620959854d959a42,https://www.myjobmag.com/job/2385/new-media-producer-paths,New Media Producer,posted|wp_id=41467|https://nigeria.mimusjobs.com/job/new-media-producer/,2026-09-16T11:56:26.198146
c82b3a55bcd14fa1,https://www.myjobmag.com/job/2386/health-financing-officer-paths,Health Financing Officer,posted|wp_id=41469|https://nigeria.mimusjobs.com/job/health-financing-officer/,2026-09-16T11:56:35.614980
2c0099a64a99cdee,https://www.myjobmag.com/job/2378/senior-producer-talk-your-own,Senior Producer (Talk Your Own),posted|wp_id=41470|https://nigeria.mimusjobs.com/job/senior-producer-talk-your-own/,2026-09-16T11:56:44.891931
6a40b460feb9a0de,https://www.myjobmag.com/job/2379/presenter-talk-your-own,Presenter (Talk Your Own),posted|wp_id=41471|https://nigeria.mimusjobs.com/job/presenter-talk-your-own/,2026-09-16T11:56:52.135862
50cbe045de1284eb,https://www.myjobmag.com/job/2380/assistant-producer-talk-your-own,Assistant Producer (Talk Your Own),posted|wp_id=41472|https://nigeria.mimusjobs.com/job/assistant-producer-talk-your-own/,2026-09-16T11:56:59.498081
a69c01e24ba4784f,https://www.myjobmag.com/job/2381/freelance-presenter-hausa-magazine-programme,Freelance Presenter (Hausa Magazine Programme),posted|wp_id=41473|https://nigeria.mimusjobs.com/job/freelance-presenter-hausa-magazine-programme/,2026-09-16T11:57:09.064921
ea7e16d3c677c28d,https://www.myjobmag.com/job/2377/business-development-executive,Business Development Executive,posted|wp_id=20431|https://nigeria.mimusjobs.com/job/business-development-executive/,2026-09-16T11:57:16.622707
6359f12a2e77ee5c,https://www.myjobmag.com/job/2376/audit-manager-daca-consults-ltd,Audit Manager,posted|wp_id=22550|https://nigeria.mimusjobs.com/job/audit-manager/,2026-09-16T11:57:25.805776
f032dbc911361427,https://www.myjobmag.com/job/2369/vice-president-finance-arik-air,Vice President - Finance,posted|wp_id=41479|https://nigeria.mimusjobs.com/job/vice-president-finance/,2026-09-16T11:57:35.160888
6586055c38008f5b,https://www.myjobmag.com/job/2370/vice-president-treasury-arik-air,Vice President - Treasury,posted|wp_id=41481|https://nigeria.mimusjobs.com/job/vice-president-treasury/,2026-09-16T11:57:42.552402
0dfb9b0b7ca384ee,https://www.myjobmag.com/job/2371/accountants-arik-air,Accountants,posted|wp_id=41483|https://nigeria.mimusjobs.com/job/accountants/,2026-09-16T11:57:50.364166
c38260384485cb64,https://www.myjobmag.com/job/2372/account-officers-arik-air,Account Officers,posted|wp_id=41485|https://nigeria.mimusjobs.com/job/account-officers/,2026-09-16T11:57:57.845187
8bde74b1a9c1e09b,https://www.myjobmag.com/job/2373/administrative-manager-arik-air,Administrative Manager,posted|wp_id=28697|https://nigeria.mimusjobs.com/job/administrative-manager/,2026-09-16T11:58:06.256941
0bbacd3a96200e0c,https://www.myjobmag.com/job/2374/manager-human-resources-arik-air,"Manager, Human Resources",posted|wp_id=41487|https://nigeria.mimusjobs.com/job/manager-human-resources/,2026-09-16T11:58:14.140851
dec32d19f979a44d,https://www.myjobmag.com/job/2375/engineering-trainee-arik-air,Engineering Trainee,posted|wp_id=41489|https://nigeria.mimusjobs.com/job/engineering-trainee/,2026-09-16T11:58:21.478907
3022673cb1d23cd8,https://www.myjobmag.com/job/2366/accountant,Accountant,posted|wp_id=463|https://nigeria.mimusjobs.com/job/accountant/,2026-09-16T11:58:29.310560
ee612ce66d6092ca,https://www.myjobmag.com/job/2367/customer-relations-officer,Customer Relations Officer,posted|wp_id=41490|https://nigeria.mimusjobs.com/job/customer-relations-officer/,2026-09-16T11:58:36.373800
e9168044650013ee,https://www.myjobmag.com/job/2368/marketers,Marketers,posted|wp_id=41433|https://nigeria.mimusjobs.com/job/marketers/,2026-09-16T11:58:43.026149
68792ed2ffb53433,https://www.myjobmag.com/job/2364/project-manager,Project Manager,posted|wp_id=21609|https://nigeria.mimusjobs.com/job/project-manager/,2026-09-16T11:58:51.206846
d17fda68da4200bb,https://www.myjobmag.com/job/2365/project-architect,Project Architect,posted|wp_id=41491|https://nigeria.mimusjobs.com/job/project-architect/,2026-09-16T11:58:58.768907
632082676753b970,https://www.myjobmag.com/job/2362/medical-sales-representatives,Medical Sales Representatives,posted|wp_id=12543|https://nigeria.mimusjobs.com/job/medical-sales-representatives/,2026-09-16T11:59:08.708567
cb8c8de7ef33f3cf,https://www.myjobmag.com/job/2363/merchandiser-marketers,Merchandiser/Marketers,posted|wp_id=41492|https://nigeria.mimusjobs.com/job/merchandiser-marketers/,2026-09-16T11:59:17.323125
50fde15366428f07,https://www.myjobmag.com/job/2357/regional-sales-managers-lagos-and-west,Regional Sales Managers (Lagos and West),posted|wp_id=41493|https://nigeria.mimusjobs.com/job/regional-sales-managers-lagos-and-west/,2026-09-16T11:59:28.039308
437d3028505a6b07,https://www.myjobmag.com/job/2358/medical-sales-representatives,Medical Sales Representatives,posted|wp_id=12543|https://nigeria.mimusjobs.com/job/medical-sales-representatives/,2026-09-16T11:59:35.575239
4aa5e68ad3645932,https://www.myjobmag.com/job/2359/secretary,Secretary,posted|wp_id=19845|https://nigeria.mimusjobs.com/job/secretary/,2026-09-16T11:59:42.378302
497791a00b56c12a,https://www.myjobmag.com/job/2360/io-tones-truck-drivers,IO Tones Truck Drivers,posted|wp_id=41494|https://nigeria.mimusjobs.com/job/io-tones-truck-drivers/,2026-09-16T11:59:49.448562
1d99792c22f8d7ce,https://www.myjobmag.com/job/2361/in-process-checkers-q-a-lab,In-Process Checkers (Q.A./LAB.),posted|wp_id=41495|https://nigeria.mimusjobs.com/job/in-process-checkers-q-a-lab/,2026-09-16T11:59:56.399166
ac20d158e1e03f35,https://www.myjobmag.com/job/2351/group-internal-auditor-code-ia-001,Group Internal Auditor (Code: IA 001),posted|wp_id=41496|https://nigeria.mimusjobs.com/job/group-internal-auditor-code-ia-001/,2026-09-16T12:00:08.789438
9861f393a4d08784,https://www.myjobmag.com/job/2352/quality-assurance-manager-code-qa-qc-002,Quality Assurance Manager (Code: QA/QC 002),posted|wp_id=41497|https://nigeria.mimusjobs.com/job/quality-assurance-manager-code-qa-qc-002/,2026-09-16T12:00:19.100073
80e553d814cf32dd,https://www.myjobmag.com/job/2353/performance-and-management-officer-pmo-003,Performance and Management Officer (PMO 003),posted|wp_id=41498|https://nigeria.mimusjobs.com/job/performance-and-management-officer-pmo-003/,2026-09-16T12:00:26.084331
87c3e1ad76ef0e4c,https://www.myjobmag.com/job/2354/marketing-executives-me-004,Marketing Executives (ME 004),posted|wp_id=41499|https://nigeria.mimusjobs.com/job/marketing-executives-me-004/,2026-09-16T12:00:33.862838
e5e746090e9bca6c,https://www.myjobmag.com/job/2355/pre-press-officers-ppo-05,Pre-Press Officers (PPO 05),posted|wp_id=41500|https://nigeria.mimusjobs.com/job/pre-press-officers-ppo-05/,2026-09-16T12:00:40.733100
dc91147a70bf89f2,https://www.myjobmag.com/job/2356/cd-102-operators,CD 102 Operators,posted|wp_id=41501|https://nigeria.mimusjobs.com/job/cd-102-operators/,2026-09-16T12:00:48.601916
eb5066971578237a,https://www.myjobmag.com/job/2350/credit-controller-africsearch,Credit Controller,posted|wp_id=41505|https://nigeria.mimusjobs.com/job/credit-controller/,2026-09-16T12:00:59.975433
a7c1bb494604f9ae,https://www.myjobmag.com/job/2347/medical-representatives-east-and-north-swiss-pharma,Medical Representatives (East and North),posted|wp_id=41507|https://nigeria.mimusjobs.com/job/medical-representatives-east-and-north/,2026-09-16T12:01:11.600627
3ff545b0b71c71b1,https://www.myjobmag.com/job/2348/production-pharmacist-swiss-pharma,Production Pharmacist,posted|wp_id=3635|https://nigeria.mimusjobs.com/job/production-pharmacist/,2026-09-16T12:01:19.665625
92d9bdc568676248,https://www.myjobmag.com/job/2349/sales-representatives-swiss-pharma,Sales Representatives,posted|wp_id=3410|https://nigeria.mimusjobs.com/job/sales-representatives/,2026-09-16T12:01:27.498858
172503a918462916,https://www.myjobmag.com/job/2346/farm-manager,Farm Manager,posted|wp_id=41508|https://nigeria.mimusjobs.com/job/farm-manager/,2026-09-16T12:01:35.865227
7cdcb369a98f6db8,https://www.myjobmag.com/job/2345/mechanical-engineer-construction-equipment,MECHANICAL ENGINEER - CONSTRUCTION EQUIPMENT,posted|wp_id=41509|https://nigeria.mimusjobs.com/job/mechanical-engineer-construction-equipment/,2026-09-16T12:01:44.008177
e0d9ef89553c4e80,https://www.myjobmag.com/job/2339/high-school-teachers,High School Teachers,posted|wp_id=41510|https://nigeria.mimusjobs.com/job/high-school-teachers/,2026-09-16T12:01:52.626134
f71dee3692dfbdba,https://www.myjobmag.com/job/2340/primary-teachers,Primary Teachers,posted|wp_id=41511|https://nigeria.mimusjobs.com/job/primary-teachers/,2026-09-16T12:01:59.333280
d185f262b899bf42,https://www.myjobmag.com/job/2341/nursery-teachers,Nursery Teachers,posted|wp_id=41512|https://nigeria.mimusjobs.com/job/nursery-teachers/,2026-09-16T12:02:07.676723
1f2760eebabfc854,https://www.myjobmag.com/job/2342/front-desk-officers,Front Desk Officers,posted|wp_id=41513|https://nigeria.mimusjobs.com/job/front-desk-officers/,2026-09-16T12:02:14.838471
717d51839136c70a,https://www.myjobmag.com/job/2343/admin-hr-assistants,Admin/HR Assistants,posted|wp_id=41514|https://nigeria.mimusjobs.com/job/admin-hr-assistants/,2026-09-16T12:02:21.911321
af35921cf5b56e79,https://www.myjobmag.com/job/2344/accounts-admin-assistants,Accounts/Admin Assistants,posted|wp_id=41515|https://nigeria.mimusjobs.com/job/accounts-admin-assistants/,2026-09-16T12:02:28.887833
76e9dfed17aafc34,https://www.myjobmag.com/job/2332/director-of-operations,Director of Operations,posted|wp_id=41516|https://nigeria.mimusjobs.com/job/director-of-operations/,2026-09-16T12:02:38.840089
78d6112ca4ccc958,https://www.myjobmag.com/job/2333/estate-surveyors-and-valuers,Estate Surveyors and Valuers,posted|wp_id=41517|https://nigeria.mimusjobs.com/job/estate-surveyors-and-valuers/,2026-09-16T12:02:44.759595
a425e1d93dbf6733,https://www.myjobmag.com/job/2334/human-resources-manager,Human Resources Manager,posted|wp_id=9721|https://nigeria.mimusjobs.com/job/human-resources-manager/,2026-09-16T12:02:51.241026
cd03b66f8f6d461e,https://www.myjobmag.com/job/2335/architects,Architects,posted|wp_id=41518|https://nigeria.mimusjobs.com/job/architects/,2026-09-16T12:02:58.255899
4299c5a6ba89c480,https://www.myjobmag.com/job/2336/civil-engineers,Civil Engineers,posted|wp_id=41519|https://nigeria.mimusjobs.com/job/civil-engineers/,2026-09-16T12:03:05.893322
284aa855c50669cd,https://www.myjobmag.com/job/2337/quantity-surveyors,Quantity Surveyors,posted|wp_id=41520|https://nigeria.mimusjobs.com/job/quantity-surveyors/,2026-09-16T12:03:14.074788
fce8bfe6e5a9a61f,https://www.myjobmag.com/job/2338/executive-marketers,Executive Marketers,posted|wp_id=41521|https://nigeria.mimusjobs.com/job/executive-marketers/,2026-09-16T12:03:21.942020
56ea4b28aa4b2326,https://www.myjobmag.com/job/2331/graduate-tax-consultant-kpmg,Graduate Tax Consultant,posted|wp_id=41523|https://nigeria.mimusjobs.com/job/graduate-tax-consultant/,2026-09-16T12:03:31.300808
5b5242921c0ca934,https://www.myjobmag.com/job/2330/assistant-general-manager-ops,Assistant General Manager (OPS),posted|wp_id=41524|https://nigeria.mimusjobs.com/job/assistant-general-manager-ops/,2026-09-16T12:03:40.488020
5cdaf3a275cc949f,https://www.myjobmag.com/job/2328/examination-officer-accounts-west-african-examination-council-waec,Examination Officer - Accounts,posted|wp_id=41528|https://nigeria.mimusjobs.com/job/examination-officer-accounts/,2026-09-16T12:03:50.109677
d1f56e62721a3d7a,https://www.myjobmag.com/job/2329/examination-officer-general-duties-west-african-examination-council-waec,Examination Officer - General Duties,posted|wp_id=41530|https://nigeria.mimusjobs.com/job/examination-officer-general-duties/,2026-09-16T12:03:58.132187
407dd462069896ab,https://www.myjobmag.com/job/2327/administrative-and-finance-associates-undp,Administrative and Finance Associates,posted|wp_id=41531|https://nigeria.mimusjobs.com/job/administrative-and-finance-associates/,2026-09-16T12:04:09.441588
b4855acedde27115,https://www.myjobmag.com/job/2325/financial-controller-sence-nigeria,Financial Controller,posted|wp_id=3199|https://nigeria.mimusjobs.com/job/financial-controller/,2026-09-16T12:04:21.206644
863ad7e6ebf5c9a6,https://www.myjobmag.com/job/2326/personal-assistant-male-sence-nigeria,Personal Assistant (Male),posted|wp_id=41533|https://nigeria.mimusjobs.com/job/personal-assistant-male/,2026-09-16T12:04:29.660428
1adc0ed4083e5bb2,https://www.myjobmag.com/job/2323/technicians-after-sales-services-kewalram-chanrai,Technicians (After Sales Services),posted|wp_id=41535|https://nigeria.mimusjobs.com/job/technicians-after-sales-services/,2026-09-16T12:04:39.632131
aa8832ad8bbfa717,https://www.myjobmag.com/job/2324/sales-executives-sales-officers-and-area-sales-manager-kewalram-chanrai,"Sales Executives, Sales Officers and Area Sales Manager",posted|wp_id=41536|https://nigeria.mimusjobs.com/job/sales-executives-sales-officers-and-area-sales-manager/,2026-09-16T12:04:47.450883
284937f98cfef3ec,https://www.myjobmag.com/job/2322/media-and-production-officer-icrc-international-committee-of-the-red-cross,Media and Production Officer,posted|wp_id=41537|https://nigeria.mimusjobs.com/job/media-and-production-officer/,2026-09-16T12:04:56.794699
04569123c33a6950,https://www.myjobmag.com/job/2518/programme-officer-monitoring-amp-evaluation-ecowas-bank,"Programme Officer, Monitoring & Evaluation",posted|wp_id=41591|https://nigeria.mimusjobs.com/job/programme-officer-monitoring-evaluation/,2026-09-16T12:05:17.766514
bb842d9fe0790556,https://www.myjobmag.com/job/2519/bilingual-secretary-ecowas-bank,Bilingual Secretary,posted|wp_id=41593|https://nigeria.mimusjobs.com/job/bilingual-secretary/,2026-09-16T12:05:31.936747
20dc5d0722c7b517,https://www.myjobmag.com/job/2517/senior-legal-assistant-leventis,Senior Legal Assistant,posted|wp_id=41595|https://nigeria.mimusjobs.com/job/senior-legal-assistant/,2026-09-16T12:05:46.190426
cab3ff5fa450e3ec,https://www.myjobmag.com/job/2516/operations-director-nigerdock,Operations Director,posted|wp_id=41597|https://nigeria.mimusjobs.com/job/operations-director/,2026-09-16T12:06:03.795061
e9c9763ce925508b,https://www.myjobmag.com/job/2515/account-manager-brunel-energy-nigeria,Account Manager,posted|wp_id=13126|https://nigeria.mimusjobs.com/job/account-manager/,2026-09-16T12:06:17.243318
f8f90b33fe8ae8ca,https://www.myjobmag.com/job/2513/senior-it-specialist-nigeria-ibm-international-business-machines,Senior IT Specialist - NIGERIA,posted|wp_id=41602|https://nigeria.mimusjobs.com/job/senior-it-specialist-nigeria/,2026-09-16T12:06:35.382862
3108784730b0dfd0,https://www.myjobmag.com/job/2514/technical-support-representative-nigeria-ibm-international-business-machines,Technical Support Representative - NIGERIA,posted|wp_id=41604|https://nigeria.mimusjobs.com/job/technical-support-representative-nigeria/,2026-09-16T12:06:49.226898
db1a3eeeb624559f,https://www.myjobmag.com/job/2512/events-and-sponsorship-manager-seven-up-bottling-company,Events and Sponsorship Manager,posted|wp_id=41564|https://nigeria.mimusjobs.com/job/events-and-sponsorship-manager/,2026-09-16T12:06:59.121856
ff4d1f01cb7bce8d,https://www.myjobmag.com/job/2511/state-monitoring-and-evaluation-technical-advisor-smeta,State Monitoring and Evaluation Technical Advisor- SMETA,posted|wp_id=41565|https://nigeria.mimusjobs.com/job/state-monitoring-and-evaluation-technical-advisor-smeta/,2026-09-16T12:07:08.843920
4f430fa5c45ba4a3,https://www.myjobmag.com/job/2507/head-of-finance-and-information-technology,Head of Finance and Information Technology,posted|wp_id=41566|https://nigeria.mimusjobs.com/job/head-of-finance-and-information-technology/,2026-09-16T12:07:19.130792
f70db2e32e2eef97,https://www.myjobmag.com/job/2508/program-coordinator-sustainable-total-sanitation-nigeria-sts-nigeria-project-1-year-fixed-term-renewable,"Program Coordinator, Sustainable total Sanitation-Nigeria (STS-NIGERIA) Project (1-Year fixed term-renewable)",posted|wp_id=41605|https://nigeria.mimusjobs.com/job/program-coordinator-sustainable-total-sanitation-nigeria-sts-nigeria-project-1-year-fixed-term-renewable-2/,2026-09-16T12:07:31.386691
d1d3d9c1c018a7cf,https://www.myjobmag.com/job/2509/program-support-coordinator,PROGRAM SUPPORT COORDINATOR,posted|wp_id=41568|https://nigeria.mimusjobs.com/job/program-support-coordinator/,2026-09-16T12:07:38.237732
a92b4ffc550e6c61,https://www.myjobmag.com/job/2510/coordinator-planning-strategy-and-programme-effectiveness-1-year-fixed-term-renewable,"COORDINATOR, PLANNING, STRATEGY AND PROGRAMME EFFECTIVENESS (1 YEAR FIXED TERM-RENEWABLE)",posted|wp_id=41606|https://nigeria.mimusjobs.com/job/coordinator-planning-strategy-and-programme-effectiveness-1-year-fixed-term-renewable-2/,2026-09-16T12:07:48.762525
7330d4a8695e52f3,https://www.myjobmag.com/job/2492/able-bodied-seaman-ref-esty-004,Able Bodied Seaman Ref: Esty 004,posted|wp_id=41570|https://nigeria.mimusjobs.com/job/able-bodied-seaman-ref-esty-004/,2026-09-16T12:07:57.462692
52bb01eff532d7a4,https://www.myjobmag.com/job/2493/assistant-dynamics-positioning-operator-ref-esty-001,Assistant Dynamics Positioning Operator Ref: Esty 001,posted|wp_id=41571|https://nigeria.mimusjobs.com/job/assistant-dynamics-positioning-operator-ref-esty-001/,2026-09-16T12:08:05.417905
b4f1b162b49dac1d,https://www.myjobmag.com/job/2494/assistant-driller-ref-esty-005,Assistant Driller Ref: Esty 005,posted|wp_id=41572|https://nigeria.mimusjobs.com/job/assistant-driller-ref-esty-005/,2026-09-16T12:08:13.148817
88065e6e2a2d5915,https://www.myjobmag.com/job/2495/radio-operator-ref-esty-002,Radio Operator Ref: Esty 002,posted|wp_id=41573|https://nigeria.mimusjobs.com/job/radio-operator-ref-esty-002/,2026-09-16T12:08:20.082644
74cb4c21bc08c965,https://www.myjobmag.com/job/2496/deck-pusher-ref-esty-006,Deck Pusher Ref: Esty 006,posted|wp_id=41574|https://nigeria.mimusjobs.com/job/deck-pusher-ref-esty-006/,2026-09-16T12:08:28.240751
21468d0997ed1fd8,https://www.myjobmag.com/job/2497/bosun-ref-esty-003,Bosun Ref: Esty 003,posted|wp_id=41575|https://nigeria.mimusjobs.com/job/bosun-ref-esty-003/,2026-09-16T12:08:36.442277
d3713cb4a98f64ff,https://www.myjobmag.com/job/2498/crane-operator-ref-esty-007,Crane Operator Ref: Esty 007,posted|wp_id=41576|https://nigeria.mimusjobs.com/job/crane-operator-ref-esty-007/,2026-09-16T12:08:44.169901
58ad399b89810b60,https://www.myjobmag.com/job/2499/motor-operator-ref-esty-008,Motor Operator Ref: Esty 008,posted|wp_id=41577|https://nigeria.mimusjobs.com/job/motor-operator-ref-esty-008/,2026-09-16T12:08:52.708932
2138a05905e3f566,https://www.myjobmag.com/job/2500/mud-system-operator-ref-esty-009,Mud System Operator Ref: Esty 009,posted|wp_id=41578|https://nigeria.mimusjobs.com/job/mud-system-operator-ref-esty-009/,2026-09-16T12:09:02.145753
3bd9a80162907e23,https://www.myjobmag.com/job/2501/pumphand-ref-esty-010,Pumphand Ref: Esty 010,posted|wp_id=41607|https://nigeria.mimusjobs.com/job/pumphand-ref-esty-010/,2026-09-16T12:09:14.014493
3464e0eede024088,https://www.myjobmag.com/job/2502/quality-and-training-advisor-ref-esty-011,Quality and Training Advisor Ref: Esty 011,posted|wp_id=41608|https://nigeria.mimusjobs.com/job/quality-and-training-advisor-ref-esty-011/,2026-09-16T12:09:24.088759
104dd97f5aa1733f,https://www.myjobmag.com/job/2503/third-engineer-ref-esty-012,Third Engineer Ref: Esty 012,posted|wp_id=41609|https://nigeria.mimusjobs.com/job/third-engineer-ref-esty-012/,2026-09-16T12:09:33.591866
600e562194d74594,https://www.myjobmag.com/job/2504/assistant-subsea-ref-esty-013,Assistant Subsea Ref: Esty 013,posted|wp_id=41610|https://nigeria.mimusjobs.com/job/assistant-subsea-ref-esty-013/,2026-09-16T12:09:43.758467
f747dc1c49d61fb5,https://www.myjobmag.com/job/2505/mechanic-ref-esty-014,Mechanic Ref: Esty 014,posted|wp_id=41611|https://nigeria.mimusjobs.com/job/mechanic-ref-esty-014/,2026-09-16T12:09:55.096055
0b48d10a91e62e08,https://www.myjobmag.com/job/2506/electrician-ref-esty-015,Electrician Ref: Esty 015,posted|wp_id=41612|https://nigeria.mimusjobs.com/job/electrician-ref-esty-015/,2026-09-16T12:10:06.926515
5e95f09ab5cd57fa,https://www.myjobmag.com/job/2491/national-project-manager-biomass-mini-grid,National Project Manager (biomass mini-grid),posted|wp_id=41613|https://nigeria.mimusjobs.com/job/national-project-manager-biomass-mini-grid/,2026-09-16T12:10:22.463519
43f252d97a0ce094,https://www.myjobmag.com/job/2489/territory-managers,Territory Managers,posted|wp_id=41614|https://nigeria.mimusjobs.com/job/territory-managers/,2026-09-16T12:10:36.685525
7df1d085f81ded19,https://www.myjobmag.com/job/2490/medical-representatives,Medical Representatives,posted|wp_id=41615|https://nigeria.mimusjobs.com/job/medical-representatives/,2026-09-16T12:10:48.072689
da8b766be246eceb,https://www.myjobmag.com/job/2487/several-teachers,Several Teachers,posted|wp_id=41616|https://nigeria.mimusjobs.com/job/several-teachers/,2026-09-16T12:10:59.518606
1e5b42fcf80b1890,https://www.myjobmag.com/job/2488/non-teaching-positions,Non Teaching Positions,posted|wp_id=41617|https://nigeria.mimusjobs.com/job/non-teaching-positions/,2026-09-16T12:11:09.831483
2a5831f482ddca33,https://www.myjobmag.com/job/2486/administrative-programme-officer,Administrative/Programme Officer,posted|wp_id=41618|https://nigeria.mimusjobs.com/job/administrative-programme-officer/,2026-09-16T12:11:21.648555
969db49b8bec7a8a,https://www.myjobmag.com/job/2485/nutrition-coordinator-action-against-hunger-acf-nigeria-ltd-gte,Nutrition Coordinator,posted|wp_id=41620|https://nigeria.mimusjobs.com/job/nutrition-coordinator/,2026-09-16T12:11:35.453854
245924ca7f697dc5,https://www.myjobmag.com/job/2484/p-amp-g-manager-hiring2-procter-and-gamble,P&G Manager Hiring2,posted|wp_id=41624|https://nigeria.mimusjobs.com/job/pg-manager-hiring2/,2026-09-16T12:11:52.026401
38cd7e169dcb4ac6,https://www.myjobmag.com/job/2483/graduate-trainees-geek-force-t2-formerly-9mobile,Graduate Trainees - Geek Force,posted|wp_id=41628|https://nigeria.mimusjobs.com/job/graduate-trainees-geek-force/,2026-09-16T12:12:10.111646
9759a9bfdc2af822,https://www.myjobmag.com/job/2482/non-tradesmen-women-2013-nigerian-army,Non-Tradesmen / Women 2013,posted|wp_id=41632|https://nigeria.mimusjobs.com/job/non-tradesmen-women-2013/,2026-09-16T12:12:25.053285
d788b556f027a6c8,https://www.myjobmag.com/job/2476/advising-engineer-completion-tools-halliburton-energy-services,Advising Engineer - Completion Tools,posted|wp_id=41634|https://nigeria.mimusjobs.com/job/advising-engineer-completion-tools/,2026-09-16T12:12:39.286882
4fc191f54835050c,https://www.myjobmag.com/job/2477/sr-application-evaluation-specialist-halliburton-energy-services,Sr Application Evaluation Specialist,posted|wp_id=41636|https://nigeria.mimusjobs.com/job/sr-application-evaluation-specialist/,2026-09-16T12:12:51.104911
dd2c699d94169093,https://www.myjobmag.com/job/2478/field-engineer-i-directional-drilling-halliburton-energy-services,Field Engineer I - Directional Drilling,posted|wp_id=41638|https://nigeria.mimusjobs.com/job/field-engineer-i-directional-drilling/,2026-09-16T12:13:05.294249
0a21061f53c4b610,https://www.myjobmag.com/job/2479/entry-level-engineer-well-design-halliburton-energy-services,Entry Level Engineer - Well Design,posted|wp_id=41640|https://nigeria.mimusjobs.com/job/entry-level-engineer-well-design/,2026-09-16T12:13:18.699072
95b2e7c168c91546,https://www.myjobmag.com/job/2480/general-field-engineer-mwd-lwd-halliburton-energy-services,General Field Engineer - MWD/LWD,posted|wp_id=41642|https://nigeria.mimusjobs.com/job/general-field-engineer-mwd-lwd/,2026-09-16T12:13:30.763587
50d9a91f051fb571,https://www.myjobmag.com/job/2481/senior-engineer-coiled-tubing-halliburton-energy-services,Senior Engineer - Coiled Tubing,posted|wp_id=41644|https://nigeria.mimusjobs.com/job/senior-engineer-coiled-tubing/,2026-09-16T12:13:43.080566
5887b059ee5a37b5,https://www.myjobmag.com/job/2475/communication-officer-2-year-renewable-contract-iita-international-institute-of-tropical-agriculture,Communication Officer (2-year renewable Contract),posted|wp_id=41646|https://nigeria.mimusjobs.com/job/communication-officer-2-year-renewable-contract/,2026-09-16T12:13:57.898940
894f9839ee415493,https://www.myjobmag.com/job/2474/technical-sales-agents-and-sub-distributors-stable-energy,Technical Sales Agents and Sub-Distributors,posted|wp_id=41650|https://nigeria.mimusjobs.com/job/technical-sales-agents-and-sub-distributors/,2026-09-16T12:14:17.037163
84466f9be7d90ee5,https://www.myjobmag.com/job/2471/district-sales-managers-skg-pharma,District Sales Managers,posted|wp_id=41654|https://nigeria.mimusjobs.com/job/district-sales-managers/,2026-09-16T12:14:33.786138
7c66b9f91f4fa096,https://www.myjobmag.com/job/2472/medical-representatives-skg-pharma,Medical Representatives,posted|wp_id=41615|https://nigeria.mimusjobs.com/job/medical-representatives/,2026-09-16T12:14:42.067545
7c8695e01ff9363b,https://www.myjobmag.com/job/2473/sales-representatives-skg-pharma,Sales Representatives,posted|wp_id=3410|https://nigeria.mimusjobs.com/job/sales-representatives/,2026-09-16T12:14:49.754189
395913b165040e67,https://www.myjobmag.com/job/2469/librarian,Librarian,posted|wp_id=26734|https://nigeria.mimusjobs.com/job/librarian/,2026-09-16T12:14:59.097409
db8dff15f5b87bae,https://www.myjobmag.com/job/2470/bursar,Bursar,posted|wp_id=41580|https://nigeria.mimusjobs.com/job/bursar/,2026-09-16T12:15:06.332152
d3b3426ea11293e6,https://www.myjobmag.com/job/2463/web-developer,Web Developer,posted|wp_id=41655|https://nigeria.mimusjobs.com/job/web-developer/,2026-09-16T12:15:20.435309
e26cac47d53236ca,https://www.myjobmag.com/job/2464/graphics-designer,Graphics Designer,posted|wp_id=391|https://nigeria.mimusjobs.com/job/graphics-designer/,2026-09-16T12:15:29.148888
a5f5157491635a40,https://www.myjobmag.com/job/2465/content-developer,Content Developer,posted|wp_id=41656|https://nigeria.mimusjobs.com/job/content-developer/,2026-09-16T12:15:39.556400
a4099ff6575637ad,https://www.myjobmag.com/job/2466/electrical-engineer,Electrical Engineer,posted|wp_id=22013|https://nigeria.mimusjobs.com/job/electrical-engineer/,2026-09-16T12:15:47.276485
0c5e896003d8b86a,https://www.myjobmag.com/job/2678/accounts-executives,Accounts Executives,posted|wp_id=41657|https://nigeria.mimusjobs.com/job/accounts-executives/,2026-09-16T15:28:00.861466
af0df284693aa90c,https://www.myjobmag.com/job/2679/material-control-assistant,Material Control Assistant,posted|wp_id=41658|https://nigeria.mimusjobs.com/job/material-control-assistant/,2026-09-16T15:28:12.552310
a76b785706ffd882,https://www.myjobmag.com/job/2680/network-assistant,Network Assistant,posted|wp_id=41659|https://nigeria.mimusjobs.com/job/network-assistant/,2026-09-16T15:28:22.957999
7a83e486f58eb547,https://www.myjobmag.com/job/2681/hr-manager,HR Manager,posted|wp_id=19134|https://nigeria.mimusjobs.com/job/hr-manager/,2026-09-16T15:28:30.314167
a87672726f366fff,https://www.myjobmag.com/job/2682/senior-accountant-taxation-manager,Senior Accountant/Taxation Manager,posted|wp_id=41660|https://nigeria.mimusjobs.com/job/senior-accountant-taxation-manager/,2026-09-16T15:28:40.348605
4bb7c6896848f29f,https://www.myjobmag.com/job/2677/food-technologist,Food Technologist,posted|wp_id=41661|https://nigeria.mimusjobs.com/job/food-technologist/,2026-09-16T15:28:51.509591
363c5ce4685ada87,https://www.myjobmag.com/job/2676/graduate-trainees-access-bank,Graduate Trainees,posted|wp_id=11980|https://nigeria.mimusjobs.com/job/graduate-trainees/,2026-09-16T15:29:03.233493
c1a2eb1a49620c19,https://www.myjobmag.com/job/2675/head-of-ict,Head of ICT,posted|wp_id=41664|https://nigeria.mimusjobs.com/job/head-of-ict/,2026-09-16T15:29:15.607643
7c7cc4977274e7c9,https://www.myjobmag.com/job/2674/registrar,Registrar,posted|wp_id=12885|https://nigeria.mimusjobs.com/job/registrar/,2026-09-16T15:29:23.149224
26e69d4e0ee0cd53,https://www.myjobmag.com/job/2667/graduate-trainees-gt6-hbm-nigeria-plc-formerly-lafarge,Graduate Trainees (GT6),posted|wp_id=41668|https://nigeria.mimusjobs.com/job/graduate-trainees-gt6/,2026-09-16T15:29:38.681256
eb61eb5189ec993a,https://www.myjobmag.com/job/2666/managing-director-achieving-health-nigeria-initiative-ahni,Managing Director,posted|wp_id=27007|https://nigeria.mimusjobs.com/job/managing-director/,2026-09-16T15:29:47.088547
47eafc76b5bfb507,https://www.myjobmag.com/job/2664/business-development-manager-iris-consulting,Business Development Manager,posted|wp_id=11687|https://nigeria.mimusjobs.com/job/business-development-manager/,2026-09-16T15:29:59.888655
b9af0d29219fec31,https://www.myjobmag.com/job/2665/administrative-officer-iris-consulting,Administrative Officer,posted|wp_id=326|https://nigeria.mimusjobs.com/job/administrative-officer/,2026-09-16T15:30:10.823381
d34c9b8f0ead9465,https://www.myjobmag.com/job/2658/media-development-specialist-savi,Media Development Specialist,posted|wp_id=41674|https://nigeria.mimusjobs.com/job/media-development-specialist/,2026-09-16T15:30:31.810619
afcd36488cf4392d,https://www.myjobmag.com/job/2659/result-communication-specialist-savi,Result Communication Specialist,posted|wp_id=41676|https://nigeria.mimusjobs.com/job/result-communication-specialist/,2026-09-16T15:30:45.173336
99bdd120619ea59d,https://www.myjobmag.com/job/2660/m-amp-e-km-officer-x2-savi,M&E/KM Officer (x2),posted|wp_id=41678|https://nigeria.mimusjobs.com/job/me-km-officer-x2/,2026-09-16T15:30:56.668294
17fe0811e5111e6e,https://www.myjobmag.com/job/2661/state-programme-officer-savi,State Programme Officer,posted|wp_id=41680|https://nigeria.mimusjobs.com/job/state-programme-officer/,2026-09-16T15:31:08.514645
457064cd74f0f2eb,https://www.myjobmag.com/job/2662/finance-officer-savi,Finance Officer,posted|wp_id=4360|https://nigeria.mimusjobs.com/job/finance-officer/,2026-09-16T15:31:16.214872
780f6fb3d8b14ce3,https://www.myjobmag.com/job/2663/office-manager-savi,Office Manager,posted|wp_id=41682|https://nigeria.mimusjobs.com/job/office-manager/,2026-09-16T15:31:28.572511
d254df0b6daeeadd,https://www.myjobmag.com/job/2657/institutional-funding-officer-oxfam,Institutional Funding Officer,posted|wp_id=41683|https://nigeria.mimusjobs.com/job/institutional-funding-officer/,2026-09-16T15:31:41.692627
cfcfd6914d71d295,https://www.myjobmag.com/job/2655/national-sales-and-marketing-manager,National Sales and Marketing Manager,posted|wp_id=41684|https://nigeria.mimusjobs.com/job/national-sales-and-marketing-manager/,2026-09-16T15:31:52.883156
8c0b6225ee3a7011,https://www.myjobmag.com/job/2656/financial-controller-preferably-expatriate,Financial Controller (Preferably Expatriate),posted|wp_id=41685|https://nigeria.mimusjobs.com/job/financial-controller-preferably-expatriate/,2026-09-16T15:32:03.504852
119fcfa27d8e84c4,https://www.myjobmag.com/job/2652/purchasing-manager,Purchasing Manager,posted|wp_id=38820|https://nigeria.mimusjobs.com/job/purchasing-manager/,2026-09-16T15:32:12.230177
a950b9cfd6e0af4a,https://www.myjobmag.com/job/2653/purchasing-officer,Purchasing Officer,posted|wp_id=19769|https://nigeria.mimusjobs.com/job/purchasing-officer/,2026-09-16T15:32:19.114490
ff63bf858efe3086,https://www.myjobmag.com/job/2654/regional-sales-manager,Regional Sales Manager,posted|wp_id=22415|https://nigeria.mimusjobs.com/job/regional-sales-manager/,2026-09-16T15:32:26.295383
7e67a02da023a9c5,https://www.myjobmag.com/job/2649/maintainance-engineer-psaltry-international-limited,Maintainance Engineer,posted|wp_id=41689|https://nigeria.mimusjobs.com/job/maintainance-engineer/,2026-09-16T15:32:43.609262
b5b4f974b3d72306,https://www.myjobmag.com/job/2650/process-engineer-psaltry-international-limited,Process Engineer,posted|wp_id=29134|https://nigeria.mimusjobs.com/job/process-engineer/,2026-09-16T15:32:51.699316
6a2462a977c1858e,https://www.myjobmag.com/job/2651/maintenance-engineers-psaltry-international-limited,Maintenance Engineers,posted|wp_id=41691|https://nigeria.mimusjobs.com/job/maintenance-engineers/,2026-09-16T15:33:04.880226
2df5cd22966fe370,https://www.myjobmag.com/job/2644/manager-business-development-marketing-ultimate-health-management-services-limited,Manager Business Development/Marketing,posted|wp_id=41695|https://nigeria.mimusjobs.com/job/manager-business-development-marketing/,2026-09-16T15:33:21.896291
fdcb5931cd9c8c75,https://www.myjobmag.com/job/2645/medical-doctor-ultimate-health-management-services-limited,Medical Doctor,posted|wp_id=27087|https://nigeria.mimusjobs.com/job/medical-doctor/,2026-09-16T15:33:29.993484
2d7b754b29478c51,https://www.myjobmag.com/job/2646/nurse-ultimate-health-management-services-limited,Nurse,posted|wp_id=6218|https://nigeria.mimusjobs.com/job/nurse/,2026-09-16T15:33:38.238185
1ffbbf5c26e7517c,https://www.myjobmag.com/job/2647/business-development-and-marketing-officer-ultimate-health-management-services-limited,Business Development and Marketing Officer,posted|wp_id=41697|https://nigeria.mimusjobs.com/job/business-development-and-marketing-officer/,2026-09-16T15:33:50.164478
2ceccf0b91ae2b7f,https://www.myjobmag.com/job/2648/driver-ultimate-health-management-services-limited,Driver,posted|wp_id=1929|https://nigeria.mimusjobs.com/job/driver/,2026-09-16T15:33:57.870427
b8ee5798c5689136,https://www.myjobmag.com/job/2643/company-secretary,Company Secretary,posted|wp_id=31819|https://nigeria.mimusjobs.com/job/company-secretary/,2026-09-16T15:34:07.430985
08f6099703523bd1,https://www.myjobmag.com/job/2641/project-assistant-iita-international-institute-of-tropical-agriculture,Project Assistant,posted|wp_id=41699|https://nigeria.mimusjobs.com/job/project-assistant/,2026-09-16T15:34:21.025845
13cd8f585f061a43,https://www.myjobmag.com/job/2642/research-communication-officer-iita-international-institute-of-tropical-agriculture,Research Communication Officer,posted|wp_id=41701|https://nigeria.mimusjobs.com/job/research-communication-officer/,2026-09-16T15:34:32.737265
72bb687bccbd6b82,https://www.myjobmag.com/job/2640/graduate-trainees,Graduate Trainees,posted|wp_id=11980|https://nigeria.mimusjobs.com/job/graduate-trainees/,2026-09-16T15:34:41.348499
8d25d2f4eafc1c7f,https://www.myjobmag.com/job/2637/brand-managers-x3m-ideas,Brand Managers,posted|wp_id=41705|https://nigeria.mimusjobs.com/job/brand-managers/,2026-09-16T15:34:57.306692
13f84a031b41b029,https://www.myjobmag.com/job/2638/copywriters-x3m-ideas,Copywriters,posted|wp_id=41707|https://nigeria.mimusjobs.com/job/copywriters/,2026-09-16T15:35:11.524818
39d29240c130cacc,https://www.myjobmag.com/job/2639/media-planners-x3m-ideas,Media Planners,posted|wp_id=41709|https://nigeria.mimusjobs.com/job/media-planners/,2026-09-16T15:35:25.448349
9db68b684edf3d16,https://www.myjobmag.com/job/2631/sales-representatives,Sales Representatives,posted|wp_id=3410|https://nigeria.mimusjobs.com/job/sales-representatives/,2026-09-16T15:35:35.682833
7bdea6b8679eff65,https://www.myjobmag.com/job/2632/regulatory-officers,Regulatory Officers,posted|wp_id=41710|https://nigeria.mimusjobs.com/job/regulatory-officers/,2026-09-16T15:35:45.900399
0eee41bcaff2dcda,https://www.myjobmag.com/job/2633/warehouse-manager,Warehouse Manager,posted|wp_id=9781|https://nigeria.mimusjobs.com/job/warehouse-manager/,2026-09-16T15:35:52.758580
98449a35fe1d07a8,https://www.myjobmag.com/job/2634/engineers,Engineers,posted|wp_id=4221|https://nigeria.mimusjobs.com/job/engineers/,2026-09-16T15:35:59.908747
848e4cd701cac197,https://www.myjobmag.com/job/2635/mechanic,Mechanic,posted|wp_id=30124|https://nigeria.mimusjobs.com/job/mechanic/,2026-09-16T15:36:08.403331
396152ecec18e600,https://www.myjobmag.com/job/2636/supervisors,Supervisors,posted|wp_id=41711|https://nigeria.mimusjobs.com/job/supervisors/,2026-09-16T15:36:18.595076
18599e242da70691,https://www.myjobmag.com/job/2630/learning-and-development-officer-discovery-cycle-professionals,Learning and Development Officer,posted|wp_id=41715|https://nigeria.mimusjobs.com/job/learning-and-development-officer/,2026-09-16T15:36:33.835602
3eca87bbcddd2e00,https://www.myjobmag.com/job/2628/fresh-graduates-nextzon-business-services-limited,Fresh Graduates,posted|wp_id=41719|https://nigeria.mimusjobs.com/job/fresh-graduates/,2026-09-16T15:36:49.005851
28519514c176c6a5,https://www.myjobmag.com/job/2622/communications-engineer-ref-code-ce-006,Communications Engineer: Ref Code: CE/006,posted|wp_id=41720|https://nigeria.mimusjobs.com/job/communications-engineer-ref-code-ce-006/,2026-09-16T15:37:00.223041
fd130f8132f72d60,https://www.myjobmag.com/job/2623/electrical-maintenance-engineer,Electrical Maintenance Engineer,posted|wp_id=41721|https://nigeria.mimusjobs.com/job/electrical-maintenance-engineer/,2026-09-16T15:37:10.011041
7499a3e0e6e6f2ed,https://www.myjobmag.com/job/2624/electrical-maintenance-technician,Electrical Maintenance Technician,posted|wp_id=41722|https://nigeria.mimusjobs.com/job/electrical-maintenance-technician/,2026-09-16T15:37:19.417543
751bd442e6666302,https://www.myjobmag.com/job/2625/protection-control-and-metering-pc-amp-m-job-code-pcm-005,Protection Control and Metering (PC&M) Job Code: PCM/005,posted|wp_id=41723|https://nigeria.mimusjobs.com/job/protection-control-and-metering-pcm-job-code-pcm-005/,2026-09-16T15:37:29.700211
72667fecb9883c8b,https://www.myjobmag.com/job/2626/scada-operator,SCADA Operator,posted|wp_id=41724|https://nigeria.mimusjobs.com/job/scada-operator/,2026-09-16T15:37:41.607054
13f6cc42d1cd0724,https://www.myjobmag.com/job/2627/scada-supervisor,SCADA Supervisor,posted|wp_id=41725|https://nigeria.mimusjobs.com/job/scada-supervisor/,2026-09-16T15:37:52.310673
d953403361bdc1e6,https://www.myjobmag.com/job/2621/engineering-jobs-spie-oil-gas-services,Engineering Jobs,posted|wp_id=41727|https://nigeria.mimusjobs.com/job/engineering-jobs/,2026-09-16T15:38:06.960574
99957711f41c90ed,https://www.myjobmag.com/job/2620/graduate-trainee-risk-advisor-great-nigeria-insurance,Graduate Trainee (Risk Advisor),posted|wp_id=41731|https://nigeria.mimusjobs.com/job/graduate-trainee-risk-advisor/,2026-09-16T15:38:22.657310
282470f8a5458e19,https://www.myjobmag.com/job/2619/drivers,Drivers,posted|wp_id=10434|https://nigeria.mimusjobs.com/job/drivers/,2026-09-16T15:38:31.237987
d60427b8e19b0be8,https://www.myjobmag.com/job/2618/graduate-trainees-accenture,Graduate Trainees,posted|wp_id=11980|https://nigeria.mimusjobs.com/job/graduate-trainees/,2026-09-16T15:38:44.464880
c30bdb6715b4e847,https://www.myjobmag.com/job/2616/general-manager,General Manager,posted|wp_id=18482|https://nigeria.mimusjobs.com/job/general-manager/,2026-09-16T15:38:53.474668
48d073d62e68b302,https://www.myjobmag.com/job/2617/operations-manager,Operations Manager,posted|wp_id=20928|https://nigeria.mimusjobs.com/job/operations-manager/,2026-09-16T15:39:01.466175
23a37258acb30d3f,https://www.myjobmag.com/job/2615/civil-structural-engineer,Civil (Structural) Engineer,posted|wp_id=41734|https://nigeria.mimusjobs.com/job/civil-structural-engineer/,2026-09-16T15:39:14.027674
adb24fe316403096,https://www.myjobmag.com/job/2614/civil-society-expert-on-anti-corruption-undp,Civil Society Expert on Anti-Corruption,posted|wp_id=41735|https://nigeria.mimusjobs.com/job/civil-society-expert-on-anti-corruption/,2026-09-16T15:39:26.057995
f1231bb94700ed5a,https://www.myjobmag.com/job/2613/national-mrv-monitoring-reporting-amp-verification-expert,"National MRV (Monitoring, Reporting & Verification) Expert",posted|wp_id=41736|https://nigeria.mimusjobs.com/job/national-mrv-monitoring-reporting-verification-expert/,2026-09-16T15:39:37.474931
ff56fd9aae4895b7,https://www.myjobmag.com/job/2606/assistant-logistics-coordinator,Assistant Logistics Coordinator,posted|wp_id=41737|https://nigeria.mimusjobs.com/job/assistant-logistics-coordinator/,2026-09-16T15:39:48.608339
59b7251e88e1fced,https://www.myjobmag.com/job/2607/drilling-supervisor,Drilling Supervisor,posted|wp_id=41738|https://nigeria.mimusjobs.com/job/drilling-supervisor/,2026-09-16T15:39:57.902902
5f325da36091bc00,https://www.myjobmag.com/job/2608/drilling-superintendent-well-operations-superintendent,Drilling Superintendent /Well Operations Superintendent,posted|wp_id=41739|https://nigeria.mimusjobs.com/job/drilling-superintendent-well-operations-superintendent/,2026-09-16T15:40:10.231044
0b637a812464ac1b,https://www.myjobmag.com/job/2609/qa-qc,QA/QC,posted|wp_id=41740|https://nigeria.mimusjobs.com/job/qa-qc/,2026-09-16T15:40:20.689501
25f1605d8dd7b39f,https://www.myjobmag.com/job/2610/contract-engineer,Contract Engineer,posted|wp_id=41741|https://nigeria.mimusjobs.com/job/contract-engineer/,2026-09-16T15:40:30.890177
9145883bba5c0585,https://www.myjobmag.com/job/2611/purchasing-officer,Purchasing Officer,posted|wp_id=19769|https://nigeria.mimusjobs.com/job/purchasing-officer/,2026-09-16T15:40:37.967999
94763ac6b35c5ded,https://www.myjobmag.com/job/2612/senior-drilling-engineer,Senior Drilling Engineer,posted|wp_id=32816|https://nigeria.mimusjobs.com/job/senior-drilling-engineer/,2026-09-16T15:40:44.953661
b2a380ef49758c1d,https://www.myjobmag.com/job/2604/internal-audit-officer,Internal Audit Officer,posted|wp_id=20506|https://nigeria.mimusjobs.com/job/internal-audit-officer/,2026-09-16T15:40:53.845253
1846f34241bacfb5,https://www.myjobmag.com/job/2605/production-manager,Production Manager,posted|wp_id=79|https://nigeria.mimusjobs.com/job/production-manager/,2026-09-16T15:41:02.685932
e9014b0632cee313,https://www.myjobmag.com/job/2593/project-administrator-samuelson,Project Administrator,posted|wp_id=41745|https://nigeria.mimusjobs.com/job/project-administrator/,2026-09-16T15:41:19.230482
9979d3198e970793,https://www.myjobmag.com/job/2594/communication-and-marketing-officer-samuelson,Communication and Marketing Officer,posted|wp_id=41747|https://nigeria.mimusjobs.com/job/communication-and-marketing-officer/,2026-09-16T15:41:32.327985
5fbbb6268ecfd669,https://www.myjobmag.com/job/2595/finance-and-administration-manager-samuelson,Finance and Administration Manager,posted|wp_id=5465|https://nigeria.mimusjobs.com/job/finance-and-administration-manager/,2026-09-16T15:41:40.546682
4e1c4ffb52240cb5,https://www.myjobmag.com/job/2596/librarian-samuelson,Librarian,posted|wp_id=26734|https://nigeria.mimusjobs.com/job/librarian/,2026-09-16T15:41:47.808364
ec7c7387d2115ddc,https://www.myjobmag.com/job/2597/accountant-samuelson,Accountant,posted|wp_id=463|https://nigeria.mimusjobs.com/job/accountant/,2026-09-16T15:41:55.462253
5c896bf680f3c267,https://www.myjobmag.com/job/2598/web-developer-social-media-coordinator-samuelson,Web Developer/Social Media Coordinator,posted|wp_id=41749|https://nigeria.mimusjobs.com/job/web-developer-social-media-coordinator/,2026-09-16T15:42:08.114148
6d979ad2f390ec81,https://www.myjobmag.com/job/2599/m-amp-e-coordinator-samuelson,M&E Coordinator,posted|wp_id=41751|https://nigeria.mimusjobs.com/job/me-coordinator/,2026-09-16T15:42:19.899175
c8e8946edf731b38,https://www.myjobmag.com/job/2600/research-officer-samuelson,Research Officer,posted|wp_id=41753|https://nigeria.mimusjobs.com/job/research-officer/,2026-09-16T15:42:31.961997
cd3e4de408a62b7f,https://www.myjobmag.com/job/2601/head-production-team-producer-samuelson,Head Production Team (Producer),posted|wp_id=41755|https://nigeria.mimusjobs.com/job/head-production-team-producer/,2026-09-16T15:42:44.945269
75029be1eda7dfa9,https://www.myjobmag.com/job/2602/administration-officer-samuelson,Administration Officer,posted|wp_id=35533|https://nigeria.mimusjobs.com/job/administration-officer/,2026-09-16T15:42:53.106703
a10f12ef5b67effb,https://www.myjobmag.com/job/2603/accounts-officer-samuelson,Accounts Officer,posted|wp_id=3114|https://nigeria.mimusjobs.com/job/accounts-officer/,2026-09-16T15:43:01.921798
ab0881a1556405fd,https://www.myjobmag.com/job/2592/marketing-executives-ref-me001,Marketing Executives - REF: ME001,posted|wp_id=41756|https://nigeria.mimusjobs.com/job/marketing-executives-ref-me001/,2026-09-16T15:43:13.418606
1dddda653fa3c82d,https://www.myjobmag.com/job/2589/marketing-amp-sales-managers,MARKETING & SALES MANAGERS,posted|wp_id=41757|https://nigeria.mimusjobs.com/job/marketing-sales-managers/,2026-09-16T15:43:25.078509
5141b3c537f5ff74,https://www.myjobmag.com/job/2590/field-marketing-officers-fmo,FIELD MARKETING OFFICERS (FMO),posted|wp_id=41758|https://nigeria.mimusjobs.com/job/field-marketing-officers-fmo/,2026-09-16T15:43:34.679625
9781832c64b11944,https://www.myjobmag.com/job/2591/drivers,DRIVERS,posted|wp_id=10434|https://nigeria.mimusjobs.com/job/drivers/,2026-09-16T15:43:41.134258
d33538be365b971c,https://www.myjobmag.com/job/2804/senior-safety-advisor-optimus-search,Senior Safety Advisor,posted|wp_id=41762|https://nigeria.mimusjobs.com/job/senior-safety-advisor/,2026-09-16T15:43:57.999598
2b505cbe70f1b676,https://www.myjobmag.com/job/2805/pipeline-engineer-optimus-search,Pipeline Engineer,posted|wp_id=41764|https://nigeria.mimusjobs.com/job/pipeline-engineer/,2026-09-16T15:44:10.768786
f9db4c2833fc7e3b,https://www.myjobmag.com/job/2806/site-safety-advisor-optimus-search,Site Safety Advisor,posted|wp_id=41766|https://nigeria.mimusjobs.com/job/site-safety-advisor/,2026-09-16T15:44:23.722275
70499bc36f3ff36d,https://www.myjobmag.com/job/2807/project-health-advisor-optimus-search,Project Health Advisor,posted|wp_id=41768|https://nigeria.mimusjobs.com/job/project-health-advisor/,2026-09-16T15:44:36.445283
cda064ae15933879,https://www.myjobmag.com/job/2803/hse-trainer-coach-assessor-ceglec-solutions-and-services,HSE Trainer Coach Assessor,posted|wp_id=41770|https://nigeria.mimusjobs.com/job/hse-trainer-coach-assessor/,2026-09-16T15:44:51.477212
b99d04ef9f273117,https://www.myjobmag.com/job/2802/open-text-solution-architect,Open Text Solution Architect,posted|wp_id=41771|https://nigeria.mimusjobs.com/job/open-text-solution-architect/,2026-09-16T15:45:04.974768
42e433d4c566696c,https://www.myjobmag.com/job/2796/teller-wfmc-te-13-workforce-group,TELLER - WFMC/TE/13,posted|wp_id=41775|https://nigeria.mimusjobs.com/job/teller-wfmc-te-13/,2026-09-16T15:45:24.328046
973b7d600ded4edb,https://www.myjobmag.com/job/2794/well-engineer-oasons-nigeria-limited,Well Engineer,posted|wp_id=41779|https://nigeria.mimusjobs.com/job/well-engineer/,2026-09-16T15:45:40.840363
0237cbcdcb0f3bdf,https://www.myjobmag.com/job/2795/senior-well-engineer-oasons-nigeria-limited,Senior Well Engineer,posted|wp_id=41781|https://nigeria.mimusjobs.com/job/senior-well-engineer/,2026-09-16T15:45:52.160215
a07a4aa3c35f886d,https://www.myjobmag.com/job/2791/customer-care-officers-whytecleon,Customer Care Officers,posted|wp_id=41785|https://nigeria.mimusjobs.com/job/customer-care-officers/,2026-09-16T15:46:08.358228
a6bade553a3708ff,https://www.myjobmag.com/job/2792/fleet-logistics-officers-whytecleon,Fleet Logistics Officers,posted|wp_id=41787|https://nigeria.mimusjobs.com/job/fleet-logistics-officers/,2026-09-16T15:46:20.188260
40fc5ba2f83e1465,https://www.myjobmag.com/job/2793/direct-sales-agents-whytecleon,Direct Sales Agents,posted|wp_id=41789|https://nigeria.mimusjobs.com/job/direct-sales-agents/,2026-09-16T15:46:32.584373
aa39f9fcc1efae1b,https://www.myjobmag.com/job/2790/operations-manager,Operations Manager,posted|wp_id=20928|https://nigeria.mimusjobs.com/job/operations-manager/,2026-09-16T15:46:40.990159
3c8027109dd40cb2,https://www.myjobmag.com/job/2787/deputy-director-research-population-council,Deputy Director Research,posted|wp_id=41793|https://nigeria.mimusjobs.com/job/deputy-director-research/,2026-09-16T15:46:56.914779
2e6f0762a5f8db0a,https://www.myjobmag.com/job/2788/programming-and-training-coordinator-population-council,Programming and Training Coordinator,posted|wp_id=41795|https://nigeria.mimusjobs.com/job/programming-and-training-coordinator/,2026-09-16T15:47:12.087270
63a80216e5d6d10c,https://www.myjobmag.com/job/2789/deputy-director-knowledge-management-and-advocacy-population-council,Deputy Director (Knowledge Management and Advocacy),posted|wp_id=41797|https://nigeria.mimusjobs.com/job/deputy-director-knowledge-management-and-advocacy/,2026-09-16T15:47:25.878325
c1c2c81e01a5abc3,https://www.myjobmag.com/job/2786/senior-reproductive-health-program-manager-fsn-12-usaid,"Senior Reproductive Health Program Manager, FSN-12",posted|wp_id=41801|https://nigeria.mimusjobs.com/job/senior-reproductive-health-program-manager-fsn-12/,2026-09-16T15:47:41.523101
a79db4f0f3a6af31,https://www.myjobmag.com/job/2783/motor-bike-patrol-supervisors,MOTOR BIKE PATROL SUPERVISORS,posted|wp_id=41802|https://nigeria.mimusjobs.com/job/motor-bike-patrol-supervisors/,2026-09-16T15:47:52.933434
de99e3bc041804bd,https://www.myjobmag.com/job/2784/security-officers-and-guards,Security Officers and Guards,posted|wp_id=41803|https://nigeria.mimusjobs.com/job/security-officers-and-guards/,2026-09-16T15:48:03.454059
3689bc137a860ec3,https://www.myjobmag.com/job/2785/drivers,Drivers,posted|wp_id=10434|https://nigeria.mimusjobs.com/job/drivers/,2026-09-16T15:48:10.661922
b83e983ebd7bdfa3,https://www.myjobmag.com/job/2782/hospital-sales-associates-evans-medical,Hospital Sales Associates,posted|wp_id=41807|https://nigeria.mimusjobs.com/job/hospital-sales-associates/,2026-09-16T15:48:26.607559
b3b2fae5c1560f41,https://www.myjobmag.com/job/2769/director,Director,posted|wp_id=41808|https://nigeria.mimusjobs.com/job/director/,2026-09-16T15:48:38.270072
e0fb752b35b93820,https://www.myjobmag.com/job/2770/school-administrator,School Administrator,posted|wp_id=33759|https://nigeria.mimusjobs.com/job/school-administrator/,2026-09-16T15:48:45.989968
0a1a39d8e97da6be,https://www.myjobmag.com/job/2771/middle-and-high-school-language-arts-teacher,Middle and High School Language Arts Teacher,posted|wp_id=41809|https://nigeria.mimusjobs.com/job/middle-and-high-school-language-arts-teacher/,2026-09-16T15:48:56.187050
0562fb1431499ccd,https://www.myjobmag.com/job/2772/middle-and-high-school-math-and-physics-teacher,Middle and High School Math and Physics Teacher,posted|wp_id=41810|https://nigeria.mimusjobs.com/job/middle-and-high-school-math-and-physics-teacher/,2026-09-16T15:49:07.801884
a06cae0381826bf7,https://www.myjobmag.com/job/2773/music-director,Music Director,posted|wp_id=41811|https://nigeria.mimusjobs.com/job/music-director/,2026-09-16T15:49:18.302941
5f6496adcfd0d522,https://www.myjobmag.com/job/2774/french-teacher,French Teacher,posted|wp_id=26526|https://nigeria.mimusjobs.com/job/french-teacher/,2026-09-16T15:49:25.455275
cf1a2109cad9e771,https://www.myjobmag.com/job/2775/librarian,Librarian,posted|wp_id=26734|https://nigeria.mimusjobs.com/job/librarian/,2026-09-16T15:49:32.056158
c696f72e9d30dc06,https://www.myjobmag.com/job/2776/physical-and-health-education-teacher,Physical and Health Education Teacher,posted|wp_id=41812|https://nigeria.mimusjobs.com/job/physical-and-health-education-teacher/,2026-09-16T15:49:41.340432
88abc1432938fb6e,https://www.myjobmag.com/job/2777/facilities-manager,Facilities Manager,posted|wp_id=37521|https://nigeria.mimusjobs.com/job/facilities-manager/,2026-09-16T15:49:47.643015
7429b8c2da3ba7cc,https://www.myjobmag.com/job/2778/marketing-executive,Marketing Executive,posted|wp_id=5006|https://nigeria.mimusjobs.com/job/marketing-executive/,2026-09-16T15:49:54.003748
2b1414fe8f7011b8,https://www.myjobmag.com/job/2779/executive-assistant,Executive Assistant,posted|wp_id=2569|https://nigeria.mimusjobs.com/job/executive-assistant/,2026-09-16T15:50:00.269136
8add45a398f0bf93,https://www.myjobmag.com/job/2780/boarding-house-marshal-male-and-female,Boarding House Marshal (Male and Female),posted|wp_id=41813|https://nigeria.mimusjobs.com/job/boarding-house-marshal-male-and-female/,2026-09-16T15:50:10.993167
6a9f6b3a01bd97ef,https://www.myjobmag.com/job/2781/store-keeper-purchasing-officer,Store Keeper/Purchasing Officer,posted|wp_id=41814|https://nigeria.mimusjobs.com/job/store-keeper-purchasing-officer/,2026-09-16T15:50:21.209332
53ff1b39a9f7f988,https://www.myjobmag.com/job/2768/programme-manager-governance-job-ref-pm-ng-2013-006-christian-aid,"Programme Manager, Governance (Job Ref: PM-NG/2013/006)",posted|wp_id=41816|https://nigeria.mimusjobs.com/job/programme-manager-governance-job-ref-pm-ng-2013-006/,2026-09-16T15:50:33.622658
1334e839d5e77679,https://www.myjobmag.com/job/2756/quality-control-managers-officers,Quality Control Managers/Officers,posted|wp_id=41817|https://nigeria.mimusjobs.com/job/quality-control-managers-officers/,2026-09-16T15:50:44.472137
c64af3bdb87bc1b8,https://www.myjobmag.com/job/2757/assistant-manager-human-resources,Assistant Manager (Human Resources),posted|wp_id=41818|https://nigeria.mimusjobs.com/job/assistant-manager-human-resources/,2026-09-16T15:50:53.894702
af9fb2a69dddc867,https://www.myjobmag.com/job/2758/computer-and-information-system-officers-managers,Computer and Information System Officers/Managers,posted|wp_id=41819|https://nigeria.mimusjobs.com/job/computer-and-information-system-officers-managers/,2026-09-16T15:51:03.170912
39ba0153597ae7a7,https://www.myjobmag.com/job/2759/chef-and-kitchen-production-manager,Chef and Kitchen Production Manager,posted|wp_id=41820|https://nigeria.mimusjobs.com/job/chef-and-kitchen-production-manager/,2026-09-16T15:51:13.781413
843b8d6ab8d682ba,https://www.myjobmag.com/job/2760/bakers-caterers-cooks-kitchen-trainees,Bakers/Caterers/Cooks/Kitchen Trainees,posted|wp_id=41821|https://nigeria.mimusjobs.com/job/bakers-caterers-cooks-kitchen-trainees/,2026-09-16T15:51:24.199109
18b27263ef35bfeb,https://www.myjobmag.com/job/2761/store-officers-managers,Store Officers/Managers,posted|wp_id=41822|https://nigeria.mimusjobs.com/job/store-officers-managers/,2026-09-16T15:51:34.942826
e3365ab14129c1ed,https://www.myjobmag.com/job/2762/technicians-electricians-plumbers-r-amp-as,"Technicians (Electricians, Plumbers R & AS)",posted|wp_id=41823|https://nigeria.mimusjobs.com/job/technicians-electricians-plumbers-r-as/,2026-09-16T15:51:46.571279
d8a8bf7eb66d469b,https://www.myjobmag.com/job/2763/automobile-mechanics-kia-and-mitsubishi-truck,Automobile Mechanics (KIA and Mitsubishi Truck),posted|wp_id=41824|https://nigeria.mimusjobs.com/job/automobile-mechanics-kia-and-mitsubishi-truck/,2026-09-16T15:51:57.852592
05d72fa99a54da3f,https://www.myjobmag.com/job/2764/trans-superintendent-drivers-dispatch-riders,Trans Superintendent/Drivers/Dispatch Riders,posted|wp_id=41825|https://nigeria.mimusjobs.com/job/trans-superintendent-drivers-dispatch-riders/,2026-09-16T15:52:07.920483
92a522a203d23a43,https://www.myjobmag.com/job/2765/sales-attendant,Sales Attendant,posted|wp_id=41826|https://nigeria.mimusjobs.com/job/sales-attendant/,2026-09-16T15:52:17.195755
852508818a722172,https://www.myjobmag.com/job/2766/food-and-beverage-manager,Food and Beverage Manager,posted|wp_id=41827|https://nigeria.mimusjobs.com/job/food-and-beverage-manager/,2026-09-16T15:52:26.764659
73de358a4f062beb,https://www.myjobmag.com/job/2767/surveillance-security-officers,Surveillance/Security Officers,posted|wp_id=41828|https://nigeria.mimusjobs.com/job/surveillance-security-officers/,2026-09-16T15:52:36.843277
e0a6a67d2bff3ac0,https://www.myjobmag.com/job/2755/chief-financial-officer,Chief Financial Officer,posted|wp_id=21533|https://nigeria.mimusjobs.com/job/chief-financial-officer/,2026-09-16T15:52:45.129433
b97b8ad444a44a6f,https://www.myjobmag.com/job/2880/business-development-manager-shoprite,Business Development Manager,posted|wp_id=11687|https://nigeria.mimusjobs.com/job/business-development-manager/,2026-09-16T19:00:25.535677
b2fef0f433bff6ba,https://www.myjobmag.com/job/2879/project-management-officer-iita-international-institute-of-tropical-agriculture,Project Management Officer,posted|wp_id=41833|https://nigeria.mimusjobs.com/job/project-management-officer/,2026-09-16T19:00:44.558812
a99c7fa3a58717d9,https://www.myjobmag.com/job/2876/snr-customer-manager-anglophone-west-africa,Snr Customer Manager- Anglophone West Africa,posted|wp_id=41834|https://nigeria.mimusjobs.com/job/snr-customer-manager-anglophone-west-africa/,2026-09-16T19:01:00.234684
8e1537b6b20ecda6,https://www.myjobmag.com/job/2877/snr-brand-manager-west-africa,Snr Brand Manager - West Africa,posted|wp_id=41835|https://nigeria.mimusjobs.com/job/snr-brand-manager-west-africa/,2026-09-16T19:01:13.715407
180e0ce636538439,https://www.myjobmag.com/job/2878/finance-manager-west-africa,Finance Manager - West Africa,posted|wp_id=41836|https://nigeria.mimusjobs.com/job/finance-manager-west-africa/,2026-09-16T19:01:24.814663
d4c420d2d993628c,https://www.myjobmag.com/job/2874/monitoring-amp-evaluation-associate-management-sciences-for-health-msh,MONITORING & EVALUATION ASSOCIATE,posted|wp_id=41838|https://nigeria.mimusjobs.com/job/monitoring-evaluation-associate/,2026-09-16T19:01:42.063728
53e2340f5d907d38,https://www.myjobmag.com/job/2875/clinical-services-advisor-pmtct-management-sciences-for-health-msh,CLINICAL SERVICES ADVISOR (PMTCT),posted|wp_id=41840|https://nigeria.mimusjobs.com/job/clinical-services-advisor-pmtct/,2026-09-16T19:01:55.403542
f4951eb945631e09,https://www.myjobmag.com/job/2873/financial-management-specialist-world-bank,Financial Management Specialist,posted|wp_id=41842|https://nigeria.mimusjobs.com/job/financial-management-specialist/,2026-09-16T19:02:12.440887
27a0e7d3834a4175,https://www.myjobmag.com/job/2871/front-desk-officer-memfys-hospital-and-neurosurgery,Front Desk Officer,posted|wp_id=2058|https://nigeria.mimusjobs.com/job/front-desk-officer/,2026-09-16T19:02:23.535374
f2c0a2f5dfbd316f,https://www.myjobmag.com/job/2872/accountant-memfys-hospital-and-neurosurgery,Accountant,posted|wp_id=463|https://nigeria.mimusjobs.com/job/accountant/,2026-09-16T19:02:31.844082
c19627f3a788f92a,https://www.myjobmag.com/job/2869/produce-inspectors-ladgroup-limited,Produce Inspectors,posted|wp_id=41846|https://nigeria.mimusjobs.com/job/produce-inspectors/,2026-09-16T19:02:51.621862
95f42a153a75628e,https://www.myjobmag.com/job/2870/field-drivers-ladgroup-limited,Field Drivers,posted|wp_id=41848|https://nigeria.mimusjobs.com/job/field-drivers/,2026-09-16T19:03:08.487871
d9894ad5e0c8a688,https://www.myjobmag.com/job/2868/information-technology-project-coordinator,Information Technology Project Coordinator,posted|wp_id=41849|https://nigeria.mimusjobs.com/job/information-technology-project-coordinator/,2026-09-16T19:03:23.643713
8c022c6102b63994,https://www.myjobmag.com/job/2867/program-manager-ipas,Program Manager,posted|wp_id=17422|https://nigeria.mimusjobs.com/job/program-manager/,2026-09-16T19:03:36.783356
8e57cfb17018eb23,https://www.myjobmag.com/job/2866/stores-manager-golden-pasta,Stores Manager,posted|wp_id=41851|https://nigeria.mimusjobs.com/job/stores-manager/,2026-09-16T19:03:51.901566
3ff715473f6d7ad9,https://www.myjobmag.com/job/2865/executive-secretary,Executive Secretary,posted|wp_id=2036|https://nigeria.mimusjobs.com/job/executive-secretary/,2026-09-16T19:04:02.421114
182812773b803a1b,https://www.myjobmag.com/job/2862/consultant-paediatrician-nisa-premier-hospital,Consultant Paediatrician,posted|wp_id=41853|https://nigeria.mimusjobs.com/job/consultant-paediatrician/,2026-09-16T19:04:20.582749
0bd1574f0cbf3375,https://www.myjobmag.com/job/2863/consultant-neonatologist-nisa-premier-hospital,Consultant Neonatologist,posted|wp_id=41855|https://nigeria.mimusjobs.com/job/consultant-neonatologist/,2026-09-16T19:04:33.450596
502ccc04d250e394,https://www.myjobmag.com/job/2864/senior-registrar-paediatrics-nisa-premier-hospital,Senior Registrar Paediatrics,posted|wp_id=41857|https://nigeria.mimusjobs.com/job/senior-registrar-paediatrics/,2026-09-16T19:04:47.738500
3965af876c33ad57,https://www.myjobmag.com/job/2861/medical-officer,Medical Officer,posted|wp_id=519|https://nigeria.mimusjobs.com/job/medical-officer/,2026-09-16T19:04:57.527358
e64d78bff5b3f0dc,https://www.myjobmag.com/job/2860/technical-engineer,Technical Engineer,posted|wp_id=23643|https://nigeria.mimusjobs.com/job/technical-engineer/,2026-09-16T19:05:09.718165
de397c9ea50c3450,https://www.myjobmag.com/job/2859/area-business-development-manager-expro-group,Area Business Development Manager,posted|wp_id=41861|https://nigeria.mimusjobs.com/job/area-business-development-manager/,2026-09-16T19:05:31.239843
96fa256efbef2aed,https://www.myjobmag.com/job/2857/sales-and-distribution-total-health-trust-ltd,Sales and Distribution,posted|wp_id=41863|https://nigeria.mimusjobs.com/job/sales-and-distribution/,2026-09-16T19:05:47.774321
d74c28a76baecb5b,https://www.myjobmag.com/job/2858/client-services-total-health-trust-ltd,Client Services,posted|wp_id=41865|https://nigeria.mimusjobs.com/job/client-services/,2026-09-16T19:06:03.367474
9f5e8c4bee018008,https://www.myjobmag.com/job/2854/marketing-manager,Marketing Manager,posted|wp_id=1090|https://nigeria.mimusjobs.com/job/marketing-manager/,2026-09-16T19:06:13.701689
4dc66fee8d45fb11,https://www.myjobmag.com/job/2855/marketing-officers,Marketing Officers,posted|wp_id=41866|https://nigeria.mimusjobs.com/job/marketing-officers/,2026-09-16T19:06:24.632311
cb850cf6a3d66bec,https://www.myjobmag.com/job/2856/designer,Designer,posted|wp_id=41867|https://nigeria.mimusjobs.com/job/designer/,2026-09-16T19:06:35.995253
bf199293f4dc25ce,https://www.myjobmag.com/job/2853/marketing-executives-mutual-benefit-assurance,Marketing Executives,posted|wp_id=27433|https://nigeria.mimusjobs.com/job/marketing-executives/,2026-09-16T19:06:46.585462
50a6e78b1bb8db06,https://www.myjobmag.com/job/2849/staff-physician-surgery-chevron,Staff Physician - Surgery,posted|wp_id=41868|https://nigeria.mimusjobs.com/job/staff-physician-surgery/,2026-09-16T19:07:00.490451
7289d1e5184eee1b,https://www.myjobmag.com/job/2850/staff-physician-internist-chevron,Staff Physician - Internist,posted|wp_id=41869|https://nigeria.mimusjobs.com/job/staff-physician-internist/,2026-09-16T19:07:14.525434
2e22cf40119bdc96,https://www.myjobmag.com/job/2851/for-staff-physician-occupational-health-chevron,For Staff Physician - Occupational Health,posted|wp_id=41870|https://nigeria.mimusjobs.com/job/for-staff-physician-occupational-health/,2026-09-16T19:07:27.356413
5d07548d551dcbdc,https://www.myjobmag.com/job/2852/senior-medical-lab-scientist-chevron,Senior Medical Lab Scientist,posted|wp_id=41871|https://nigeria.mimusjobs.com/job/senior-medical-lab-scientist/,2026-09-16T19:07:40.779182
72b5128464e96e71,https://www.myjobmag.com/job/2844/executive-driver,Executive Driver,posted|wp_id=183|https://nigeria.mimusjobs.com/job/executive-driver/,2026-09-16T19:07:51.704717
9bd3f31891fda83f,https://www.myjobmag.com/job/2845/inventory-officer,Inventory Officer,posted|wp_id=4422|https://nigeria.mimusjobs.com/job/inventory-officer/,2026-09-16T19:07:59.617680
a40f899432445d61,https://www.myjobmag.com/job/2846/cook,Cook,posted|wp_id=11020|https://nigeria.mimusjobs.com/job/cook/,2026-09-16T19:08:08.487353
7532cec8e274202e,https://www.myjobmag.com/job/2847/executive-chef,Executive Chef,posted|wp_id=37902|https://nigeria.mimusjobs.com/job/executive-chef/,2026-09-16T19:08:16.247249
bfb89e23f772ef80,https://www.myjobmag.com/job/2848/gym-instructor,Gym Instructor,posted|wp_id=41872|https://nigeria.mimusjobs.com/job/gym-instructor/,2026-09-16T19:08:27.503881
4eb45f7e372e4b23,https://www.myjobmag.com/job/2842/medical-sales-representatives-pharma-ethics,Medical Sales Representatives,posted|wp_id=12543|https://nigeria.mimusjobs.com/job/medical-sales-representatives/,2026-09-16T19:08:38.744674
49b0c020a1d9042e,https://www.myjobmag.com/job/2843/secretary-admin-staff-female-pharma-ethics,Secretary/Admin Staff - Female,posted|wp_id=41874|https://nigeria.mimusjobs.com/job/secretary-admin-staff-female/,2026-09-16T19:08:51.911066
d6a3b1b5b1e4be25,https://www.myjobmag.com/job/2841/lecturing-jobs,Lecturing Jobs,posted|wp_id=41875|https://nigeria.mimusjobs.com/job/lecturing-jobs/,2026-09-16T19:09:06.299388
bad88aa5e6e19f17,https://www.myjobmag.com/job/2840/production-engineer-sab-miller,Production Engineer,posted|wp_id=37930|https://nigeria.mimusjobs.com/job/production-engineer/,2026-09-16T19:09:20.128912
1efbb281cab1b88a,https://www.myjobmag.com/job/2838/accountants-heartlink-group,Accountants,posted|wp_id=41483|https://nigeria.mimusjobs.com/job/accountants/,2026-09-16T19:09:35.176434
88aa76c5561c00a3,https://www.myjobmag.com/job/2839/business-development-managers-heartlink-group,Business Development Managers,posted|wp_id=41881|https://nigeria.mimusjobs.com/job/business-development-managers/,2026-09-16T19:09:48.717783
bc03805622ab9c25,https://www.myjobmag.com/job/2837/assistant-executive-accountant-pricewaterhousecoopers-pwc,Assistant Executive/Accountant,posted|wp_id=41882|https://nigeria.mimusjobs.com/job/assistant-executive-accountant/,2026-09-16T19:10:03.874300
ae4715e42446f7e6,https://www.myjobmag.com/job/2834/hotel-manager,Hotel Manager,posted|wp_id=25414|https://nigeria.mimusjobs.com/job/hotel-manager/,2026-09-16T19:10:15.818482
4e57a2c4cb6d3778,https://www.myjobmag.com/job/2835/hotel-attendants,Hotel Attendants,posted|wp_id=41883|https://nigeria.mimusjobs.com/job/hotel-attendants/,2026-09-16T19:10:26.701579
50ff990f94d56e30,https://www.myjobmag.com/job/2836/driver,Driver,posted|wp_id=1929|https://nigeria.mimusjobs.com/job/driver/,2026-09-16T19:10:34.884208
23378f5dd392b5aa,https://www.myjobmag.com/job/2833/operations-manager,Operations Manager,posted|wp_id=20928|https://nigeria.mimusjobs.com/job/operations-manager/,2026-09-16T19:10:49.152489
7958977c2349c5a9,https://www.myjobmag.com/job/2829/program-m-amp-e-officer,Program/M&E Officer,posted|wp_id=41884|https://nigeria.mimusjobs.com/job/program-me-officer/,2026-09-16T19:11:03.415100
fffbf84690fa03e1,https://www.myjobmag.com/job/2830/program-assistant,Program Assistant,posted|wp_id=41465|https://nigeria.mimusjobs.com/job/program-assistant/,2026-09-16T19:11:11.893857
2062d1f451d1b311,https://www.myjobmag.com/job/2831/driver,Driver,posted|wp_id=1929|https://nigeria.mimusjobs.com/job/driver/,2026-09-16T19:11:19.441816
3e76338db6029e67,https://www.myjobmag.com/job/2832/intern-9-months,Intern (9 months),posted|wp_id=41885|https://nigeria.mimusjobs.com/job/intern-9-months/,2026-09-16T19:11:31.399198
e0c8cb8eeaa82dfc,https://www.myjobmag.com/job/2828/music-and-art-dt-specialists,Music and ART/DT Specialists,posted|wp_id=41886|https://nigeria.mimusjobs.com/job/music-and-art-dt-specialists/,2026-09-16T19:11:45.701776
3f6cd1281251d01e,https://www.myjobmag.com/job/2827/farm-manager-owel-linkso,Farm Manager,posted|wp_id=41508|https://nigeria.mimusjobs.com/job/farm-manager/,2026-09-16T19:12:01.748156
728648ac5bf2c67a,https://www.myjobmag.com/job/2826/graduate-trainees-ref-gt-01-13-ernst-and-young,Graduate Trainees (Ref: Gt/01/13),posted|wp_id=41890|https://nigeria.mimusjobs.com/job/graduate-trainees-ref-gt-01-13/,2026-09-16T19:12:21.254274
20336d0cf1901484,https://www.myjobmag.com/job/2825/programme-manager-concern-universal,Programme Manager,posted|wp_id=31027|https://nigeria.mimusjobs.com/job/programme-manager/,2026-09-16T19:12:35.882012
2cf17f5e2c90e0cf,https://www.myjobmag.com/job/2823/executive-officer-hr-admin,Executive Officer - HR/Admin,posted|wp_id=41892|https://nigeria.mimusjobs.com/job/executive-officer-hr-admin/,2026-09-16T19:12:48.952115
567eb08111f54d66,https://www.myjobmag.com/job/2824/store-officer,Store Officer,posted|wp_id=17014|https://nigeria.mimusjobs.com/job/store-officer/,2026-09-16T19:12:57.072413
540c3d80b3ddb5dd,https://www.myjobmag.com/job/2812/the-senior-technical-officer-m-amp-e-achieving-health-nigeria-initiative-ahni,"The Senior Technical Officer, M&E",posted|wp_id=41893|https://nigeria.mimusjobs.com/job/the-senior-technical-officer-me/,2026-09-16T19:13:11.804046
d189b6623835fc0d,https://www.myjobmag.com/job/2811/oil-and-gas-jobs-shell-petroleum-development-company,Oil and Gas Jobs,posted|wp_id=41894|https://nigeria.mimusjobs.com/job/oil-and-gas-jobs/,2026-09-16T19:13:26.828274
a581a36a39548efd,https://www.myjobmag.com/job/2980/electrical-design-engineer-clarke-energy,Electrical Design Engineer,posted|wp_id=31815|https://nigeria.mimusjobs.com/job/electrical-design-engineer/,2026-09-16T19:13:42.684204
a304bfab20169ad2,https://www.myjobmag.com/job/2981/mechanical-design-engineer-clarke-energy,Mechanical Design Engineer,posted|wp_id=41898|https://nigeria.mimusjobs.com/job/mechanical-design-engineer/,2026-09-16T19:13:56.691108
82cbfef6c04c6805,https://www.myjobmag.com/job/2982/mechanical-draughtsman-clarke-energy,Mechanical Draughtsman,posted|wp_id=41900|https://nigeria.mimusjobs.com/job/mechanical-draughtsman/,2026-09-16T19:14:11.969305
4a02dcd8762b0012,https://www.myjobmag.com/job/2979/web-design-instructor,Web Design Instructor,posted|wp_id=41901|https://nigeria.mimusjobs.com/job/web-design-instructor/,2026-09-16T19:14:24.932032
882b7a9f38e5c469,https://www.myjobmag.com/job/2978/workshop-technician-controls-ge-general-electric,Workshop Technician (Controls),posted|wp_id=41902|https://nigeria.mimusjobs.com/job/workshop-technician-controls/,2026-09-16T19:14:38.826342
8d65cf14a0482876,https://www.myjobmag.com/job/2977/academic-positions-bowen-university,Academic Positions,posted|wp_id=41906|https://nigeria.mimusjobs.com/job/academic-positions/,2026-09-16T19:14:55.587316
7579a4d3fa8fd21f,https://www.myjobmag.com/job/2976/sap-b1-consultant-c2g-consulting,SAP B1 Consultant,posted|wp_id=41910|https://nigeria.mimusjobs.com/job/sap-b1-consultant/,2026-09-16T19:15:15.714886
ff970d59d71900db,https://www.myjobmag.com/job/2975/online-personnel-myjobmag-limited,Online Personnel,posted|wp_id=41914|https://nigeria.mimusjobs.com/job/online-personnel/,2026-09-16T19:15:36.488723
9b90b0c1ff22aa28,https://www.myjobmag.com/job/2974/sales-and-marketing-positions,Sales and Marketing Positions,posted|wp_id=41915|https://nigeria.mimusjobs.com/job/sales-and-marketing-positions/,2026-09-16T19:15:52.613038
384eac7a1ec9c284,https://www.myjobmag.com/job/2971/migration-consultant-ibm-international-business-machines,Migration Consultant,posted|wp_id=41917|https://nigeria.mimusjobs.com/job/migration-consultant/,2026-09-16T19:16:10.258521
83e3844896ceb093,https://www.myjobmag.com/job/2972/migration-specialist-ibm-international-business-machines,Migration Specialist,posted|wp_id=41919|https://nigeria.mimusjobs.com/job/migration-specialist/,2026-09-16T19:16:23.854813
fc8c44ae5e1e2956,https://www.myjobmag.com/job/2973/country-service-manager-ibm-international-business-machines,Country Service Manager,posted|wp_id=41921|https://nigeria.mimusjobs.com/job/country-service-manager/,2026-09-16T19:16:37.169880
b18300916f8ada97,https://www.myjobmag.com/job/2970/sales-consultant-fosad-consulting,Sales Consultant,posted|wp_id=34364|https://nigeria.mimusjobs.com/job/sales-consultant/,2026-09-16T19:16:48.117395
13ed891b478d698b,https://www.myjobmag.com/job/2959/monitoring-evaluation-research-and-learning-advisor-pact,"Monitoring, Evaluation, Research and Learning Advisor",posted|wp_id=41922|https://nigeria.mimusjobs.com/job/monitoring-evaluation-research-and-learning-advisor/,2026-09-16T19:17:06.263248
ae2b2772a40f456c,https://www.myjobmag.com/job/2960/knowledge-sharing-and-communications-advisor-pact,Knowledge Sharing and Communications Advisor,posted|wp_id=41924|https://nigeria.mimusjobs.com/job/knowledge-sharing-and-communications-advisor/,2026-09-16T19:17:32.322437
18d903ac50ddcde8,https://www.myjobmag.com/job/2961/senior-grants-and-contract-manager-pact,Senior Grants and Contract Manager,posted|wp_id=41925|https://nigeria.mimusjobs.com/job/senior-grants-and-contract-manager/,2026-09-16T19:17:46.626968
a0e5586342d7068e,https://www.myjobmag.com/job/2962/grants-officer-pact,Grants Officer,posted|wp_id=41926|https://nigeria.mimusjobs.com/job/grants-officer/,2026-09-16T19:18:02.877908
a577dad60eee6281,https://www.myjobmag.com/job/2963/finance-officer-pact,Finance Officer,posted|wp_id=4360|https://nigeria.mimusjobs.com/job/finance-officer/,2026-09-16T19:18:14.620503
27965479b2da48c1,https://www.myjobmag.com/job/2964/executive-program-officer-pact,Executive Program Officer,posted|wp_id=41927|https://nigeria.mimusjobs.com/job/executive-program-officer/,2026-09-16T19:18:28.368113
df1a006b4ba5097d,https://www.myjobmag.com/job/2965/security-officer-pact,Security Officer,posted|wp_id=11418|https://nigeria.mimusjobs.com/job/security-officer/,2026-09-16T19:18:37.453030
766bb045749080b6,https://www.myjobmag.com/job/2966/human-resources-officer-pact,Human Resources Officer,posted|wp_id=9192|https://nigeria.mimusjobs.com/job/human-resources-officer/,2026-09-16T19:18:47.597790
97ffc443806624a2,https://www.myjobmag.com/job/2967/procurement-officer-pact,Procurement Officer,posted|wp_id=2798|https://nigeria.mimusjobs.com/job/procurement-officer/,2026-09-16T19:18:56.528312
29264b8d7c144a7c,https://www.myjobmag.com/job/2968/information-technology-officer-pact,Information Technology Officer,posted|wp_id=28621|https://nigeria.mimusjobs.com/job/information-technology-officer/,2026-09-16T19:19:06.170437
01bc7a6747b59bed,https://www.myjobmag.com/job/2969/monitoring-evaluation-reporting-and-learning-operations-merl-assistant-pact,"Monitoring, Evaluation, Reporting and Learning Operations (MERL) Assistant",posted|wp_id=41928|https://nigeria.mimusjobs.com/job/monitoring-evaluation-reporting-and-learning-operations-merl-assistant/,2026-09-16T19:19:18.912477
317ff146afaff093,https://www.myjobmag.com/job/2950/clearing-and-forwarding-manager-stirret-concept-resources,Clearing and Forwarding Manager,posted|wp_id=41930|https://nigeria.mimusjobs.com/job/clearing-and-forwarding-manager/,2026-09-16T19:19:34.322417
89704fe9cfc1b16c,https://www.myjobmag.com/job/2951/contact-support-manager-stirret-concept-resources,Contact Support Manager,posted|wp_id=41931|https://nigeria.mimusjobs.com/job/contact-support-manager/,2026-09-16T19:19:46.207441
f504cd80dd4ec3c9,https://www.myjobmag.com/job/2952/marketing-officer-stirret-concept-resources,Marketing Officer,posted|wp_id=1819|https://nigeria.mimusjobs.com/job/marketing-officer/,2026-09-16T19:19:54.854836
33ee402df3f4091f,https://www.myjobmag.com/job/2953/operations-and-logistics-officers-stirret-concept-resources,Operations and Logistics Officers,posted|wp_id=41932|https://nigeria.mimusjobs.com/job/operations-and-logistics-officers/,2026-09-16T19:20:12.471205
6923961fe8a26055,https://www.myjobmag.com/job/2954/tally-clerks-stirret-concept-resources,Tally Clerks,posted|wp_id=41933|https://nigeria.mimusjobs.com/job/tally-clerks/,2026-09-16T19:20:27.095411
a20d61d7e16669f5,https://www.myjobmag.com/job/2955/delivery-receiving-clerks-stirret-concept-resources,Delivery/Receiving Clerks,posted|wp_id=41934|https://nigeria.mimusjobs.com/job/delivery-receiving-clerks/,2026-09-16T19:20:40.703261
418360fedcf1d3ac,https://www.myjobmag.com/job/2956/delivery-receiving-clerks-stirret-concept-resources,Delivery/receiving Clerks,posted|wp_id=41934|https://nigeria.mimusjobs.com/job/delivery-receiving-clerks/,2026-09-16T19:20:49.895604
d9712eae00735127,https://www.myjobmag.com/job/2957/forklift-drivers-and-truck-assistant-stirret-concept-resources,Forklift Drivers and Truck Assistant,posted|wp_id=41935|https://nigeria.mimusjobs.com/job/forklift-drivers-and-truck-assistant/,2026-09-16T19:21:02.562441
6c46d167c92e1ac3,https://www.myjobmag.com/job/2958/drivers-stirret-concept-resources,Drivers,posted|wp_id=10434|https://nigeria.mimusjobs.com/job/drivers/,2026-09-16T19:21:12.007512
e9b1f1a4bee3ec57,https://www.myjobmag.com/job/2948/executive-director-operations-leading-edge-consulting,Executive Director - Operations,posted|wp_id=41939|https://nigeria.mimusjobs.com/job/executive-director-operations/,2026-09-16T19:21:30.861484
985c1721f600c39e,https://www.myjobmag.com/job/2949/executive-director-corporate-services-leading-edge-consulting,Executive Director - Corporate Services,posted|wp_id=41941|https://nigeria.mimusjobs.com/job/executive-director-corporate-services/,2026-09-16T19:21:43.657475
ad15bf02dbdc12a8,https://www.myjobmag.com/job/2947/operational-excellence-officer-appzone-limited,Operational Excellence Officer,posted|wp_id=41945|https://nigeria.mimusjobs.com/job/operational-excellence-officer/,2026-09-16T19:22:01.931313
cd3ef5b6206c6c14,https://www.myjobmag.com/job/2945/office-manager-sence-nigeria,Office Manager,posted|wp_id=41682|https://nigeria.mimusjobs.com/job/office-manager/,2026-09-16T19:22:14.421547
fb3a04ca18c869c0,https://www.myjobmag.com/job/2946/receptionist-sence-nigeria,Receptionist,posted|wp_id=2837|https://nigeria.mimusjobs.com/job/receptionist/,2026-09-16T19:22:23.473797
17562c1f64a82907,https://www.myjobmag.com/job/2943/warehouse-advisor-john-snow-inc-jsi,Warehouse Advisor,posted|wp_id=41949|https://nigeria.mimusjobs.com/job/warehouse-advisor/,2026-09-16T19:22:43.362454
e95d39b91c7fcc37,https://www.myjobmag.com/job/2942/procurement-officer-management-sciences-for-health-msh,Procurement Officer,posted|wp_id=2798|https://nigeria.mimusjobs.com/job/procurement-officer/,2026-09-16T19:22:55.370726
9b3d9cb2eacd46d8,https://www.myjobmag.com/job/2939/receptionist,Receptionist,posted|wp_id=2837|https://nigeria.mimusjobs.com/job/receptionist/,2026-09-16T19:23:05.214988
dbf754c87e1ab5f1,https://www.myjobmag.com/job/2940/marketer,Marketer,posted|wp_id=758|https://nigeria.mimusjobs.com/job/marketer/,2026-09-16T19:23:13.187198
b25ae41119a1035f,https://www.myjobmag.com/job/2941/cleaner,Cleaner,posted|wp_id=2014|https://nigeria.mimusjobs.com/job/cleaner/,2026-09-16T19:23:21.699725
08d1bb76aeabde82,https://www.myjobmag.com/job/2932/office-of-the-chairman-department-jobs-nigerian-electricity-regulatory-commission-nerc,Office of the Chairman Department Jobs,posted|wp_id=41953|https://nigeria.mimusjobs.com/job/office-of-the-chairman-department-jobs/,2026-09-16T19:23:39.877692
8bb623b6a3619033,https://www.myjobmag.com/job/2933/finance-and-management-services-department-jobs-nigerian-electricity-regulatory-commission-nerc,Finance and Management Services Department Jobs,posted|wp_id=41955|https://nigeria.mimusjobs.com/job/finance-and-management-services-department-jobs/,2026-09-16T19:23:52.591630
76d834142085dacb,https://www.myjobmag.com/job/2934/renewable-energy-and-rural-electrification-department-jobs-nigerian-electricity-regulatory-commission-nerc,Renewable Energy and Rural Electrification Department Jobs,posted|wp_id=41957|https://nigeria.mimusjobs.com/job/renewable-energy-and-rural-electrification-department-jobs/,2026-09-16T19:24:07.451932
b0f3d2864964e084,https://www.myjobmag.com/job/2935/market-competion-and-rates-department-jobs-nigerian-electricity-regulatory-commission-nerc,Market Competion and Rates Department Jobs,posted|wp_id=41959|https://nigeria.mimusjobs.com/job/market-competion-and-rates-department-jobs/,2026-09-16T19:24:24.936921
29eeb7d3ca983e7e,https://www.myjobmag.com/job/2936/engineering-standards-and-safety-department-jobs-nigerian-electricity-regulatory-commission-nerc,Engineering Standards and Safety Department Jobs,posted|wp_id=41961|https://nigeria.mimusjobs.com/job/engineering-standards-and-safety-department-jobs/,2026-09-16T19:24:46.590460
55c1177036b85907,https://www.myjobmag.com/job/2937/lincencing-legal-and-enforcement-department-jobs-nigerian-electricity-regulatory-commission-nerc,"Lincencing, Legal and Enforcement Department Jobs",posted|wp_id=41963|https://nigeria.mimusjobs.com/job/lincencing-legal-and-enforcement-department-jobs/,2026-09-16T19:25:09.069356
f9690e58f3acca9b,https://www.myjobmag.com/job/3057/advert-executives,Advert Executives,posted|wp_id=41965|https://nigeria.mimusjobs.com/job/advert-executives/,2026-09-16T21:59:29.755530
72c54961dc661ab9,https://www.myjobmag.com/job/3058/graphics-artist,Graphics Artist,posted|wp_id=41966|https://nigeria.mimusjobs.com/job/graphics-artist/,2026-09-16T21:59:45.708660
51352978bc0462c5,https://www.myjobmag.com/job/3048/head-safety-and-security-save-the-children,Head Safety and Security,posted|wp_id=41967|https://nigeria.mimusjobs.com/job/head-safety-and-security/,2026-09-16T22:00:11.665659
01a023dbf0a8e4e9,https://www.myjobmag.com/job/3049/knowledge-management-adviser-save-the-children,Knowledge Management Adviser,posted|wp_id=41968|https://nigeria.mimusjobs.com/job/knowledge-management-adviser/,2026-09-16T22:00:38.978781
477c1c8d8da1b8f9,https://www.myjobmag.com/job/3050/campaign-coordinator-save-the-children,Campaign Coordinator,posted|wp_id=41969|https://nigeria.mimusjobs.com/job/campaign-coordinator/,2026-09-16T22:01:00.225631
ea72077719d8d642,https://www.myjobmag.com/job/3051/finance-coordinator-save-the-children,Finance Coordinator,posted|wp_id=13740|https://nigeria.mimusjobs.com/job/finance-coordinator/,2026-09-16T22:01:13.369379
098f242e306cead3,https://www.myjobmag.com/job/3052/human-resources-assistant-save-the-children,Human Resources Assistant,posted|wp_id=9190|https://nigeria.mimusjobs.com/job/human-resources-assistant/,2026-09-16T22:01:27.982611
226994e8da93ae62,https://www.myjobmag.com/job/3053/finance-and-admin-assistant-save-the-children,Finance and Admin Assistant,posted|wp_id=41970|https://nigeria.mimusjobs.com/job/finance-and-admin-assistant/,2026-09-16T22:01:53.249167
58fa6fddaa240227,https://www.myjobmag.com/job/3054/cash-transfer-coordinator-save-the-children,Cash Transfer Coordinator,posted|wp_id=41971|https://nigeria.mimusjobs.com/job/cash-transfer-coordinator/,2026-09-16T22:02:15.884744
19ca3aab823c5c30,https://www.myjobmag.com/job/3055/national-safety-and-security-manager-save-the-children,National Safety and Security Manager,posted|wp_id=41972|https://nigeria.mimusjobs.com/job/national-safety-and-security-manager/,2026-09-16T22:02:39.938921
4059935b6e600733,https://www.myjobmag.com/job/3056/safety-and-welfare-officer-save-the-children,Safety and Welfare Officer,posted|wp_id=41973|https://nigeria.mimusjobs.com/job/safety-and-welfare-officer/,2026-09-16T22:02:59.637550
e74816fff06af240,https://www.myjobmag.com/job/3044/civil-engineer-site-ref-dcp-ces-dangote,Civil Engineer (Site) (Ref DCP/CES),posted|wp_id=41975|https://nigeria.mimusjobs.com/job/civil-engineer-site-ref-dcp-ces/,2026-09-16T22:03:21.992910
02af15e37295c20c,https://www.myjobmag.com/job/3045/manager-civil-ref-dcp-mc-dangote,Manager (Civil) (Ref DCP/MC),posted|wp_id=41977|https://nigeria.mimusjobs.com/job/manager-civil-ref-dcp-mc/,2026-09-16T22:03:43.462598
adca394796e1c0ed,https://www.myjobmag.com/job/3046/manager-structure-ref-dcp-ms-dangote,Manager (Structure) (Ref DCP/MS),posted|wp_id=41979|https://nigeria.mimusjobs.com/job/manager-structure-ref-dcp-ms/,2026-09-16T22:04:00.916835
117ff562c24ed15d,https://www.myjobmag.com/job/3047/quantity-surveyor-ref-dcp-qs-dangote,Quantity Surveyor (Ref DCP/QS),posted|wp_id=41981|https://nigeria.mimusjobs.com/job/quantity-surveyor-ref-dcp-qs/,2026-09-16T22:04:19.089075
48f9d5ec50e4c775,https://www.myjobmag.com/job/3043/operations-manager,Operations Manager,posted|wp_id=20928|https://nigeria.mimusjobs.com/job/operations-manager/,2026-09-16T22:04:28.603780
6d61a41076529dc8,https://www.myjobmag.com/job/3042/graduate-trainee-engineers-gte-hw-2013-huawei-technologies-co-ltd,Graduate Trainee Engineers (GTE/HW/2013),posted|wp_id=41983|https://nigeria.mimusjobs.com/job/graduate-trainee-engineers-gte-hw-2013/,2026-09-16T22:04:45.091116
6f4aa299a6ea20d8,https://www.myjobmag.com/job/3040/head-of-learning-and-development-leading-edge-consulting,Head of Learning and Development,posted|wp_id=41985|https://nigeria.mimusjobs.com/job/head-of-learning-and-development/,2026-09-16T22:05:07.303429
2e88f2a150d52733,https://www.myjobmag.com/job/3041/head-of-management-consulting-services-leading-edge-consulting,Head of Management Consulting Services,posted|wp_id=41987|https://nigeria.mimusjobs.com/job/head-of-management-consulting-services/,2026-09-16T22:05:25.761905
a5629bdf972b3f9d,https://www.myjobmag.com/job/3037/asst-head-of-accounts,Asst. Head of Accounts,posted|wp_id=41988|https://nigeria.mimusjobs.com/job/asst-head-of-accounts/,2026-09-16T22:05:40.506852
64d4eb1e667895e3,https://www.myjobmag.com/job/3038/asst-secretary-pa-to-md,Asst. Secretary/PA to MD,posted|wp_id=41989|https://nigeria.mimusjobs.com/job/asst-secretary-pa-to-md/,2026-09-16T22:05:53.362198
c45bab38758b468a,https://www.myjobmag.com/job/3039/marketers,Marketers,posted|wp_id=41433|https://nigeria.mimusjobs.com/job/marketers/,2026-09-16T22:06:03.578238
597b89219a6b109e,https://www.myjobmag.com/job/3036/nutrition-technical-advisor,Nutrition Technical Advisor,posted|wp_id=41990|https://nigeria.mimusjobs.com/job/nutrition-technical-advisor/,2026-09-16T22:06:19.118104
32269de205de8f26,https://www.myjobmag.com/job/3035/programmes-manager,Programmes Manager,posted|wp_id=41991|https://nigeria.mimusjobs.com/job/programmes-manager/,2026-09-16T22:06:32.919052
0784cd1cd44c57a6,https://www.myjobmag.com/job/3034/division-manager-commercial-business-development-phillips-consulting,Division Manager (Commercial / Business Development),posted|wp_id=41995|https://nigeria.mimusjobs.com/job/division-manager-commercial-business-development/,2026-09-16T22:06:50.598044
66e1c07e38d928b1,https://www.myjobmag.com/job/3031/driller-hobark-international-limited-hil,Driller,posted|wp_id=13310|https://nigeria.mimusjobs.com/job/driller/,2026-09-16T22:07:04.291155
1cd7630a18a93dc3,https://www.myjobmag.com/job/3032/logistics-advisor-hobark-international-limited-hil,Logistics Advisor,posted|wp_id=41997|https://nigeria.mimusjobs.com/job/logistics-advisor/,2026-09-16T22:07:19.114403
8f93570c2add78f5,https://www.myjobmag.com/job/3033/senior-drilling-engineer-hobark-international-limited-hil,Senior Drilling Engineer,posted|wp_id=32816|https://nigeria.mimusjobs.com/job/senior-drilling-engineer/,2026-09-16T22:07:29.533119
869da4350a2aceb8,https://www.myjobmag.com/job/3023/faculty-of-arts-20-positions-university-of-lagos,Faculty of Arts (20 Positions),posted|wp_id=41999|https://nigeria.mimusjobs.com/job/faculty-of-arts-20-positions/,2026-09-16T22:07:49.518356
342373ae5f3faf4e,https://www.myjobmag.com/job/3024/faculty-of-education-16-positions-university-of-lagos,Faculty of Education (16 positions),posted|wp_id=42001|https://nigeria.mimusjobs.com/job/faculty-of-education-16-positions/,2026-09-16T22:08:05.401710
2ac8fa4d103e6fd7,https://www.myjobmag.com/job/3025/faculty-of-engineering-22-positions-university-of-lagos,Faculty of Engineering (22 positions),posted|wp_id=42003|https://nigeria.mimusjobs.com/job/faculty-of-engineering-22-positions/,2026-09-16T22:08:22.406604
d0db04410167bba2,https://www.myjobmag.com/job/3026/faculty-of-environmental-science-university-of-lagos,Faculty of Environmental Science,posted|wp_id=42005|https://nigeria.mimusjobs.com/job/faculty-of-environmental-science/,2026-09-16T22:08:42.014899
c0c2f962a2ba10d3,https://www.myjobmag.com/job/3027/faculty-of-law-15-positions-university-of-lagos,Faculty of Law (15 positions),posted|wp_id=42007|https://nigeria.mimusjobs.com/job/faculty-of-law-15-positions/,2026-09-16T22:08:58.989401
b60ff0e744c8dff3,https://www.myjobmag.com/job/3028/faculty-of-pharmacy-university-of-lagos,Faculty of Pharmacy,posted|wp_id=42009|https://nigeria.mimusjobs.com/job/faculty-of-pharmacy/,2026-09-16T22:09:23.011884
0c1546f55ab18d40,https://www.myjobmag.com/job/3029/faculty-of-science-41-positions-university-of-lagos,Faculty of Science (41 positions),posted|wp_id=42011|https://nigeria.mimusjobs.com/job/faculty-of-science-41-positions/,2026-09-16T22:09:41.659407
166925289e2078dc,https://www.myjobmag.com/job/3030/faculty-of-social-sciences-22-positions-university-of-lagos,Faculty of Social Sciences - 22 positions,posted|wp_id=42013|https://nigeria.mimusjobs.com/job/faculty-of-social-sciences-22-positions/,2026-09-16T22:09:56.690292
3a201427de63bce0,https://www.myjobmag.com/job/3022/human-resources-consultant-grid-consulting,Human Resources Consultant,posted|wp_id=42017|https://nigeria.mimusjobs.com/job/human-resources-consultant/,2026-09-16T22:10:27.873937
072ea73fbaa4260c,https://www.myjobmag.com/job/3020/product-marketing-manager-social-and-consumer-nigeria-google-nigeria,"Product Marketing Manager Social and Consumer, Nigeria",posted|wp_id=42019|https://nigeria.mimusjobs.com/job/product-marketing-manager-social-and-consumer-nigeria/,2026-09-16T22:10:47.520861
faada7d7f4abca8b,https://www.myjobmag.com/job/3021/technical-account-manager-publisher-and-distribution-solutions-google-nigeria,"Technical Account Manager, Publisher and Distribution Solutions",posted|wp_id=42021|https://nigeria.mimusjobs.com/job/technical-account-manager-publisher-and-distribution-solutions/,2026-09-16T22:11:10.182102
573d5ebf4d66e61d,https://www.myjobmag.com/job/3019/ond-holders,OND Holders,posted|wp_id=42022|https://nigeria.mimusjobs.com/job/ond-holders/,2026-09-16T22:11:30.327325
b0ceed0f147b752e,https://www.myjobmag.com/job/3018/chief-mechanic-kca-deutag,Chief Mechanic,posted|wp_id=42026|https://nigeria.mimusjobs.com/job/chief-mechanic/,2026-09-16T22:11:58.314525
eb64ac8b1cac39d6,https://www.myjobmag.com/job/3015/business-development-executives,Business Development Executives,posted|wp_id=42027|https://nigeria.mimusjobs.com/job/business-development-executives/,2026-09-16T22:12:22.664312
cb989f148fff6979,https://www.myjobmag.com/job/3016/marketing-officers,Marketing Officers,posted|wp_id=41866|https://nigeria.mimusjobs.com/job/marketing-officers/,2026-09-16T22:12:35.170893
699ba6595af97cee,https://www.myjobmag.com/job/3017/store-keepers,Store Keepers,posted|wp_id=42028|https://nigeria.mimusjobs.com/job/store-keepers/,2026-09-16T22:12:52.896709
bee773f271fe66e6,https://www.myjobmag.com/job/3007/computer-admin-assistant-bons-industries-ltd,Computer/Admin Assistant,posted|wp_id=42032|https://nigeria.mimusjobs.com/job/computer-admin-assistant/,2026-09-16T22:13:15.797043
6040f3a1f1ec2808,https://www.myjobmag.com/job/3008/sales-rep-bons-industries-ltd,Sales Rep,posted|wp_id=42034|https://nigeria.mimusjobs.com/job/sales-rep/,2026-09-16T22:13:31.747291
a2a6c944079396d3,https://www.myjobmag.com/job/3009/food-technologist-bons-industries-ltd,Food Technologist,posted|wp_id=41661|https://nigeria.mimusjobs.com/job/food-technologist/,2026-09-16T22:13:42.970419
e11da929baa8ef84,https://www.myjobmag.com/job/3010/account-executive-bons-industries-ltd,Account Executive,posted|wp_id=17394|https://nigeria.mimusjobs.com/job/account-executive/,2026-09-16T22:13:56.466415
793e9413cbce8ea4,https://www.myjobmag.com/job/3011/sales-rep-with-driving-experience-bons-industries-ltd,Sales Rep with Driving Experience,posted|wp_id=42036|https://nigeria.mimusjobs.com/job/sales-rep-with-driving-experience/,2026-09-16T22:14:17.135364
0b89e4b29fc3a5bb,https://www.myjobmag.com/job/3012/accountant-bons-industries-ltd,Accountant,posted|wp_id=463|https://nigeria.mimusjobs.com/job/accountant/,2026-09-16T22:14:28.488191
44c465629838d564,https://www.myjobmag.com/job/3013/business-office-manager-bons-industries-ltd,Business Office Manager,posted|wp_id=42038|https://nigeria.mimusjobs.com/job/business-office-manager/,2026-09-16T22:14:44.666502
ac33ac1cf24c835d,https://www.myjobmag.com/job/3014/marketing-manager-bons-industries-ltd,Marketing Manager,posted|wp_id=1090|https://nigeria.mimusjobs.com/job/marketing-manager/,2026-09-16T22:14:54.538207
a3517eda709f5a7e,https://www.myjobmag.com/job/3006/business-development-executive-dornim-solicitors-and-lega-consultants,Business Development Executive,posted|wp_id=20431|https://nigeria.mimusjobs.com/job/business-development-executive/,2026-09-16T22:15:14.324673
a79979d8bee4a146,https://www.myjobmag.com/job/3005/aflasafe-plant-supervisor-2-year-renewable-contract-iita-international-institute-of-tropical-agriculture,Aflasafe Plant Supervisor (2-year renewable Contract),posted|wp_id=42042|https://nigeria.mimusjobs.com/job/aflasafe-plant-supervisor-2-year-renewable-contract/,2026-09-16T22:15:38.043673
ea5c263b3ff8a642,https://www.myjobmag.com/job/3003/project-manager-glaxosmithkline,Project Manager,posted|wp_id=21609|https://nigeria.mimusjobs.com/job/project-manager/,2026-09-16T22:15:55.687069
16315d570dc394c6,https://www.myjobmag.com/job/3004/medical-detailing-rep-glaxosmithkline,Medical Detailing Rep,posted|wp_id=42044|https://nigeria.mimusjobs.com/job/medical-detailing-rep/,2026-09-16T22:16:15.065264
c42707abb51f120a,https://www.myjobmag.com/job/2996/group-accountant-ref-0012ga,Group Accountant(Ref 0012GA),posted|wp_id=42045|https://nigeria.mimusjobs.com/job/group-accountantref-0012ga/,2026-09-16T22:16:31.696973
6cd9a8a428ed9af0,https://www.myjobmag.com/job/2997/group-project-manager-ref-0013pm,Group Project Manager Ref 0013PM,posted|wp_id=42046|https://nigeria.mimusjobs.com/job/group-project-manager-ref-0013pm/,2026-09-16T22:16:46.389217
84f6f38ac6dae7c3,https://www.myjobmag.com/job/2998/quality-service-manager-ref-0019qsm,Quality Service Manager Ref- 0019QSM,posted|wp_id=42047|https://nigeria.mimusjobs.com/job/quality-service-manager-ref-0019qsm/,2026-09-16T22:16:59.606977
3659f4abb8468a47,https://www.myjobmag.com/job/2999/training-coodinator-ref-0015tc,Training Coodinator Ref-0015TC,posted|wp_id=42048|https://nigeria.mimusjobs.com/job/training-coodinator-ref-0015tc/,2026-09-16T22:17:37.976618
eae1ede5ed0f80cd,https://www.myjobmag.com/job/3000/drill-stem-testing-tcp-engineer-ref-0016s,Drill Stem Testing/TCP Engineer Ref-0016S,posted|wp_id=42049|https://nigeria.mimusjobs.com/job/drill-stem-testing-tcp-engineer-ref-0016s/,2026-09-16T22:18:00.994272
1a9fb7902b54eeab,https://www.myjobmag.com/job/3001/marketing-officer-ref-0017mo,Marketing Officer Ref-0017MO,posted|wp_id=42050|https://nigeria.mimusjobs.com/job/marketing-officer-ref-0017mo/,2026-09-16T22:18:25.779161
057205392e0dfa38,https://www.myjobmag.com/job/3002/trainee-engineer,Trainee Engineer,posted|wp_id=26815|https://nigeria.mimusjobs.com/job/trainee-engineer/,2026-09-16T22:18:39.041839
2dd5dce47f1f551e,https://www.myjobmag.com/job/2995/project-business-manager-pmb-550,Project Business Manager (PMB-550),posted|wp_id=42051|https://nigeria.mimusjobs.com/job/project-business-manager-pmb-550/,2026-09-16T22:19:04.369669
bc6c021379e3bfc1,https://www.myjobmag.com/job/2994/ngo-jobs-fhi-360,NGO Jobs,posted|wp_id=42053|https://nigeria.mimusjobs.com/job/ngo-jobs/,2026-09-16T22:19:34.423067
19d5bdc5c6ae1ccb,https://www.myjobmag.com/job/2993/marketing-assistant-shoprite,Marketing Assistant,posted|wp_id=42054|https://nigeria.mimusjobs.com/job/marketing-assistant/,2026-09-16T22:19:52.662295
2c31204870c74180,https://www.myjobmag.com/job/2991/prevention-specialist-pact,Prevention Specialist,posted|wp_id=42055|https://nigeria.mimusjobs.com/job/prevention-specialist/,2026-09-16T22:20:20.375016
42eeeefb9d193f27,https://www.myjobmag.com/job/2992/ovc-program-officer-pact,OVC Program Officer,posted|wp_id=42056|https://nigeria.mimusjobs.com/job/ovc-program-officer/,2026-09-16T22:20:38.862098
c613a76d27309336,https://www.myjobmag.com/job/2988/schedule-interface-engineer-brunel-energy-nigeria,Schedule Interface Engineer,posted|wp_id=42057|https://nigeria.mimusjobs.com/job/schedule-interface-engineer/,2026-09-16T22:20:59.480009
1caed402f936b6c3,https://www.myjobmag.com/job/2989/subsea-controls-engineer-brunel-energy-nigeria,Subsea Controls Engineer,posted|wp_id=42058|https://nigeria.mimusjobs.com/job/subsea-controls-engineer/,2026-09-16T22:21:21.280287
712aed12814584a2,https://www.myjobmag.com/job/2990/design-engineers-pipeline-engineers-brunel-energy-nigeria,Design Engineers - Pipeline Engineers,posted|wp_id=42059|https://nigeria.mimusjobs.com/job/design-engineers-pipeline-engineers/,2026-09-16T22:21:38.013194
6a6437c4dca52a0e,https://www.myjobmag.com/job/2986/bursar-futa,Bursar,posted|wp_id=41580|https://nigeria.mimusjobs.com/job/bursar/,2026-09-16T22:21:54.128901
cb0e9187f7617f9a,https://www.myjobmag.com/job/2987/director-of-works-and-services-futa,Director of Works and Services,posted|wp_id=42063|https://nigeria.mimusjobs.com/job/director-of-works-and-services/,2026-09-16T22:22:19.608611
534cdc543f061166,https://www.myjobmag.com/job/2983/auditor,Auditor,posted|wp_id=5891|https://nigeria.mimusjobs.com/job/auditor/,2026-09-16T22:22:32.325064
f872b8350abb1107,https://www.myjobmag.com/job/2984/account-officer-cashier,Account Officer/Cashier,posted|wp_id=24342|https://nigeria.mimusjobs.com/job/account-officer-cashier/,2026-09-16T22:22:43.799258
0b02564703da8076,https://www.myjobmag.com/job/2985/production-supervisors,Production Supervisors,posted|wp_id=42064|https://nigeria.mimusjobs.com/job/production-supervisors/,2026-09-16T22:23:00.632603
04ab5850784e7e49,https://www.myjobmag.com/job/3126/sales-representatives,Sales Representatives,posted|wp_id=3410|https://nigeria.mimusjobs.com/job/sales-representatives/,2026-09-16T22:23:18.452353
e6668d73932ce7da,https://www.myjobmag.com/job/3127/account-officer,Account Officer,posted|wp_id=457|https://nigeria.mimusjobs.com/job/account-officer/,2026-09-16T22:23:32.021765
f4652d19c52d99b1,https://www.myjobmag.com/job/3128/account-clerk,Account Clerk,posted|wp_id=19089|https://nigeria.mimusjobs.com/job/account-clerk/,2026-09-16T22:23:45.412408
c405810cc0a944fb,https://www.myjobmag.com/job/3129/receptionist,Receptionist,posted|wp_id=2837|https://nigeria.mimusjobs.com/job/receptionist/,2026-09-16T22:23:57.003216
58a71944f5e742bb,https://www.myjobmag.com/job/3124/architects,Architects,posted|wp_id=41518|https://nigeria.mimusjobs.com/job/architects/,2026-09-16T22:24:09.006386
a04a33545be2f09b,https://www.myjobmag.com/job/3125/marketing-product-managers,Marketing/Product Managers,posted|wp_id=42065|https://nigeria.mimusjobs.com/job/marketing-product-managers/,2026-09-17T00:12:19.224832
9c7dc0f35b29215e,https://www.myjobmag.com/job/3123/risk-advisors-regency-alliance-insurance,Risk Advisors,posted|wp_id=42069|https://nigeria.mimusjobs.com/job/risk-advisors/,2026-09-17T00:12:39.198690
a781c5f1dce0c180,https://www.myjobmag.com/job/3122/accountant-phase3-telecom,Accountant,posted|wp_id=463|https://nigeria.mimusjobs.com/job/accountant/,2026-09-17T00:12:51.852759
4053ea2bc0d319d4,https://www.myjobmag.com/job/3120/customer-service-personnel,Customer Service Personnel,posted|wp_id=36645|https://nigeria.mimusjobs.com/job/customer-service-personnel/,2026-09-17T00:13:01.897496
54b2872ddd165a2a,https://www.myjobmag.com/job/3121/procurement-officer,Procurement Officer,posted|wp_id=2798|https://nigeria.mimusjobs.com/job/procurement-officer/,2026-09-17T00:13:11.834685
49c851017208e50e,https://www.myjobmag.com/job/3119/strategic-buyer-agricultural-raw-materials-nestle-foods,Strategic Buyer - Agricultural Raw Materials,posted|wp_id=42071|https://nigeria.mimusjobs.com/job/strategic-buyer-agricultural-raw-materials/,2026-09-17T00:13:31.434169
cbf65ddfd96597b3,https://www.myjobmag.com/job/3118/media-and-production-officer-icrc-international-committee-of-the-red-cross,Media and Production Officer,posted|wp_id=41537|https://nigeria.mimusjobs.com/job/media-and-production-officer/,2026-09-17T00:13:46.274413
e4d0468e3fc771bf,https://www.myjobmag.com/job/3117/field-sales-representatives-biometrica-alliance-international-limited,Field Sales Representatives,posted|wp_id=20380|https://nigeria.mimusjobs.com/job/field-sales-representatives/,2026-09-17T00:14:01.105581
5a425d9e87a80228,https://www.myjobmag.com/job/3116/youth-livewire,Youth LiveWire,posted|wp_id=42074|https://nigeria.mimusjobs.com/job/youth-livewire/,2026-09-17T00:14:18.937853
6894e2154585d009,https://www.myjobmag.com/job/3115/project-manager-british-council,Project Manager,posted|wp_id=21609|https://nigeria.mimusjobs.com/job/project-manager/,2026-09-17T00:14:31.178500
0496c03a18f157c5,https://www.myjobmag.com/job/3114/copywriter-mph-communication-limited,Copywriter,posted|wp_id=29206|https://nigeria.mimusjobs.com/job/copywriter/,2026-09-17T00:14:44.983539
9c89005303243361,https://www.myjobmag.com/job/3110/senior-logistics-advisor-john-snow-inc-jsi,Senior Logistics Advisor,posted|wp_id=42079|https://nigeria.mimusjobs.com/job/senior-logistics-advisor/,2026-09-17T00:15:00.223460
0cd768f8a6c2579c,https://www.myjobmag.com/job/3109/graduate-trainees-kpmg,Graduate Trainees,posted|wp_id=11980|https://nigeria.mimusjobs.com/job/graduate-trainees/,2026-09-17T00:15:17.137347
38ded136cd521760,https://www.myjobmag.com/job/3108/operations-manager-un-women,Operations Manager,posted|wp_id=20928|https://nigeria.mimusjobs.com/job/operations-manager/,2026-09-17T00:15:31.845649
35021ab7517ed439,https://www.myjobmag.com/job/3105/head-project-secretarait-human-capital-partners-hcp,Head Project Secretarait,posted|wp_id=42083|https://nigeria.mimusjobs.com/job/head-project-secretarait/,2026-09-17T00:15:48.883596
b1c5a70e4f60fe12,https://www.myjobmag.com/job/3106/strategy-coordination-manager-human-capital-partners-hcp,Strategy Coordination Manager,posted|wp_id=42085|https://nigeria.mimusjobs.com/job/strategy-coordination-manager/,2026-09-17T00:16:04.584049
9ac1568e12c4a9af,https://www.myjobmag.com/job/3107/data-manager-human-capital-partners-hcp,Data Manager,posted|wp_id=42087|https://nigeria.mimusjobs.com/job/data-manager/,2026-09-17T00:16:21.472976
008ce9914977a89b,https://www.myjobmag.com/job/3100/electrical-engineer-ref-01-cobranet-limited,Electrical Engineer (Ref: 01),posted|wp_id=42089|https://nigeria.mimusjobs.com/job/electrical-engineer-ref-01/,2026-09-17T00:16:38.302367
23619bfdff7530f0,https://www.myjobmag.com/job/3101/personnel-officer-ref-02-cobranet-limited,Personnel Officer (Ref: 02),posted|wp_id=42091|https://nigeria.mimusjobs.com/job/personnel-officer-ref-02/,2026-09-17T00:16:52.042028
c55757be07947fb9,https://www.myjobmag.com/job/3102/it-officer-ref-03-cobranet-limited,IT Officer (Ref: 03),posted|wp_id=42093|https://nigeria.mimusjobs.com/job/it-officer-ref-03/,2026-09-17T00:17:23.624679
ace6040bb68942d8,https://www.myjobmag.com/job/3103/field-engineers-ref-04-cobranet-limited,Field Engineers (Ref: 04),posted|wp_id=42095|https://nigeria.mimusjobs.com/job/field-engineers-ref-04/,2026-09-17T00:17:42.841045
8642bf20faefa47d,https://www.myjobmag.com/job/3104/field-technicians-ref-05-cobranet-limited,Field Technicians (Ref 05),posted|wp_id=42097|https://nigeria.mimusjobs.com/job/field-technicians-ref-05/,2026-09-17T00:17:59.728183
568729bb9d2cf5ca,https://www.myjobmag.com/job/3096/operations-manager,Operations Manager,posted|wp_id=20928|https://nigeria.mimusjobs.com/job/operations-manager/,2026-09-17T00:18:12.286210
d32f0e46e9a01d78,https://www.myjobmag.com/job/3097/senior-clearing-officers,Senior Clearing Officers,posted|wp_id=42098|https://nigeria.mimusjobs.com/job/senior-clearing-officers/,2026-09-17T00:18:24.806567
44626f3b15233f13,https://www.myjobmag.com/job/3098/transport-officers,Transport Officers,posted|wp_id=42099|https://nigeria.mimusjobs.com/job/transport-officers/,2026-09-17T00:18:36.309133
8c11cdb844a0f61d,https://www.myjobmag.com/job/3099/trailer-drivers,Trailer Drivers,posted|wp_id=42100|https://nigeria.mimusjobs.com/job/trailer-drivers/,2026-09-17T00:18:48.657963
5755db5c029f4bc4,https://www.myjobmag.com/job/3095/business-development-officer-oando,Business Development Officer,posted|wp_id=14103|https://nigeria.mimusjobs.com/job/business-development-officer/,2026-09-17T00:18:58.919524
4b4b6847633fcaff,https://www.myjobmag.com/job/3094/specialist-hr-partnering-and-resourcing-t2-formerly-9mobile,"Specialist, HR Partnering and Resourcing",posted|wp_id=42102|https://nigeria.mimusjobs.com/job/specialist-hr-partnering-and-resourcing/,2026-09-17T00:19:16.236817
4d84f87b41b28e7e,https://www.myjobmag.com/job/3093/registered-builder,Registered Builder,posted|wp_id=42103|https://nigeria.mimusjobs.com/job/registered-builder/,2026-09-17T00:19:28.919048
6c10891b1157ebd4,https://www.myjobmag.com/job/3092/personnel-officers,Personnel Officers,posted|wp_id=42104|https://nigeria.mimusjobs.com/job/personnel-officers/,2026-09-17T00:19:42.576772
5687407bda6fdf1a,https://www.myjobmag.com/job/3086/managing-director-achieving-health-nigeria-initiative-ahni,Managing Director,posted|wp_id=27007|https://nigeria.mimusjobs.com/job/managing-director/,2026-09-17T00:19:52.619861
4739d6ffe1d603f2,https://www.myjobmag.com/job/3085/engineering-jobs-nigerian-breweries-nb-plc,Engineering Jobs,posted|wp_id=41727|https://nigeria.mimusjobs.com/job/engineering-jobs/,2026-09-17T00:20:06.527319
abb8f2d5dfd2c7ad,https://www.myjobmag.com/job/3084/oil-and-gas-jobs-chevron,Oil and Gas Jobs,posted|wp_id=41894|https://nigeria.mimusjobs.com/job/oil-and-gas-jobs/,2026-09-17T00:20:25.206203
55ca724c48a25924,https://www.myjobmag.com/job/3077/accountant-internal-auditor,Accountant/Internal Auditor,posted|wp_id=42105|https://nigeria.mimusjobs.com/job/accountant-internal-auditor/,2026-09-17T00:20:44.361472
558e3685c70571ae,https://www.myjobmag.com/job/3078/registrar,Registrar,posted|wp_id=12885|https://nigeria.mimusjobs.com/job/registrar/,2026-09-17T00:20:54.303912
fb6fc9b684d05e5b,https://www.myjobmag.com/job/3079/information-technologist,Information Technologist,posted|wp_id=42106|https://nigeria.mimusjobs.com/job/information-technologist/,2026-09-17T00:21:13.373360
09b9031d34c8f2d7,https://www.myjobmag.com/job/3080/school-administrator,School Administrator,posted|wp_id=33759|https://nigeria.mimusjobs.com/job/school-administrator/,2026-09-17T00:21:22.199323
78e3fb73d3982720,https://www.myjobmag.com/job/3081/quality-assurance-quality-control,Quality Assurance/Quality Control,posted|wp_id=42107|https://nigeria.mimusjobs.com/job/quality-assurance-quality-control/,2026-09-17T00:21:33.812713
e04a4c3ff0abc9a6,https://www.myjobmag.com/job/3082/lecturers,Lecturers,posted|wp_id=42108|https://nigeria.mimusjobs.com/job/lecturers/,2026-09-17T00:21:44.603383
eb333b24bcd57aee,https://www.myjobmag.com/job/3083/refrigerator-technician,Refrigerator Technician,posted|wp_id=42109|https://nigeria.mimusjobs.com/job/refrigerator-technician/,2026-09-17T00:21:56.943666
3de7c1ffe3afd7c6,https://www.myjobmag.com/job/3071/business-accountant-ilesha-phillips-consulting,Business Accountant (Ilesha),posted|wp_id=42111|https://nigeria.mimusjobs.com/job/business-accountant-ilesha/,2026-09-17T00:22:18.800496
80f038911c8f0b05,https://www.myjobmag.com/job/3072/accounting-officer-phillips-consulting,Accounting Officer,posted|wp_id=2727|https://nigeria.mimusjobs.com/job/accounting-officer/,2026-09-17T00:22:29.989382
3da0b014dcc48c4e,https://www.myjobmag.com/job/3073/head-finance-and-accounts-phillips-consulting,"Head, Finance and Accounts",posted|wp_id=42113|https://nigeria.mimusjobs.com/job/head-finance-and-accounts/,2026-09-17T00:22:45.729498
a669978fc09d3ab7,https://www.myjobmag.com/job/3074/warehouse-manager-phillips-consulting,Warehouse Manager,posted|wp_id=9781|https://nigeria.mimusjobs.com/job/warehouse-manager/,2026-09-17T00:22:55.027443
07c0acc152fc5521,https://www.myjobmag.com/job/3075/analyst-recruitment-phillips-consulting,Analyst Recruitment,posted|wp_id=42115|https://nigeria.mimusjobs.com/job/analyst-recruitment/,2026-09-17T00:23:09.645871
c69ceebdf0abb6bf,https://www.myjobmag.com/job/3076/research-analyst-phillips-consulting,Research Analyst,posted|wp_id=26489|https://nigeria.mimusjobs.com/job/research-analyst/,2026-09-17T00:23:19.002629
2febfa78295b657e,https://www.myjobmag.com/job/3070/design-consultant-alder-consulting,Design Consultant,posted|wp_id=42117|https://nigeria.mimusjobs.com/job/design-consultant/,2026-09-17T00:23:34.624878
6a43761544b7f1ce,https://www.myjobmag.com/job/3069/lawyers-royal-heritage,Lawyers,posted|wp_id=42121|https://nigeria.mimusjobs.com/job/lawyers/,2026-09-17T00:23:55.006477
daa31c838b4e3547,https://www.myjobmag.com/job/3067/management-trainees-kewalram-chanrai,Management Trainees,posted|wp_id=42122|https://nigeria.mimusjobs.com/job/management-trainees/,2026-09-17T00:24:14.350456
a025239349136aa6,https://www.myjobmag.com/job/3068/sales-accounting-amp-stores-management-kewalram-chanrai,"Sales, Accounting & Stores Management",posted|wp_id=42123|https://nigeria.mimusjobs.com/job/sales-accounting-stores-management/,2026-09-17T00:24:28.921818
f29c8ab727846bac,https://www.myjobmag.com/job/3066/marketing-coordinators,Marketing Coordinators,posted|wp_id=42124|https://nigeria.mimusjobs.com/job/marketing-coordinators/,2026-09-17T00:24:42.427209
84b67e89400580ec,https://www.myjobmag.com/job/3065/public-relations-vacancy,Public Relations Vacancy,posted|wp_id=42125|https://nigeria.mimusjobs.com/job/public-relations-vacancy/,2026-09-17T00:24:55.241375
c2a1788bbb057f5a,https://www.myjobmag.com/job/3064/drivers,Drivers,posted|wp_id=10434|https://nigeria.mimusjobs.com/job/drivers/,2026-09-17T00:25:08.702975
0b3d9b2ba1e65d9d,https://www.myjobmag.com/job/3063/audit-professionals-team-lead-ref-dcp-tl-dangote,Audit Professionals - Team Lead (Ref DCP/TL),posted|wp_id=42127|https://nigeria.mimusjobs.com/job/audit-professionals-team-lead-ref-dcp-tl/,2026-09-17T00:25:25.563670
5cedf4a1e165769f,https://www.myjobmag.com/job/3061/legal-practioner,Legal Practioner,posted|wp_id=42128|https://nigeria.mimusjobs.com/job/legal-practioner/,2026-09-17T00:25:38.838014
91ee8f02d63a1f80,https://www.myjobmag.com/job/3062/female-estate-officer,Female Estate Officer,posted|wp_id=42129|https://nigeria.mimusjobs.com/job/female-estate-officer/,2026-09-17T00:25:51.933111
9aab557662fcd0d5,https://www.myjobmag.com/job/3059/graphics-artist,Graphics Artist,posted|wp_id=41966|https://nigeria.mimusjobs.com/job/graphics-artist/,2026-09-17T00:26:03.674228
7d26b87380b81a0d,https://www.myjobmag.com/job/3060/sales-executives,Sales Executives,posted|wp_id=23942|https://nigeria.mimusjobs.com/job/sales-executives/,2026-09-17T00:26:13.104208
ad658478e6991b02,https://www.myjobmag.com/job/3201/business-development-executive-dragnet-nigeria,Business Development Executive,posted|wp_id=20431|https://nigeria.mimusjobs.com/job/business-development-executive/,2026-09-17T00:26:25.978876
fc065a85af0cbd53,https://www.myjobmag.com/job/3199/project-quality-manager,Project Quality Manager,posted|wp_id=42130|https://nigeria.mimusjobs.com/job/project-quality-manager/,2026-09-17T00:26:39.086910
f1386ad4c76cf415,https://www.myjobmag.com/job/3200/deputy-package-coordinator,Deputy Package Coordinator,posted|wp_id=42131|https://nigeria.mimusjobs.com/job/deputy-package-coordinator/,2026-09-17T00:26:49.729688
1925c157ed9cff95,https://www.myjobmag.com/job/3198/health-safety-and-environmental-hse-manager,"Health, Safety and Environmental (HSE) Manager",posted|wp_id=42132|https://nigeria.mimusjobs.com/job/health-safety-and-environmental-hse-manager/,2026-09-17T00:27:04.260604
20e5903eefd3df8e,https://www.myjobmag.com/job/3197/medical-sales-representatives,Medical Sales Representatives,posted|wp_id=12543|https://nigeria.mimusjobs.com/job/medical-sales-representatives/,2026-09-17T00:27:14.176053
b21b572566eeb3c0,https://www.myjobmag.com/job/3196/national-expert-partnership-and-communication-the-united-nations-industrial-development-organization-unido,National Expert- Partnership and Communication,posted|wp_id=42134|https://nigeria.mimusjobs.com/job/national-expert-partnership-and-communication/,2026-09-17T00:27:30.190677
c9282fedef6e2b46,https://www.myjobmag.com/job/3192/head-teacher-watersprings-international,Head Teacher,posted|wp_id=35928|https://nigeria.mimusjobs.com/job/head-teacher/,2026-09-17T00:27:45.283648
dd5917ee7fb4e01b,https://www.myjobmag.com/job/3193/teachers-watersprings-international,Teachers,posted|wp_id=23750|https://nigeria.mimusjobs.com/job/teachers/,2026-09-17T00:27:56.631374
65c6dcad0b59218b,https://www.myjobmag.com/job/3194/bursar-watersprings-international,Bursar,posted|wp_id=41580|https://nigeria.mimusjobs.com/job/bursar/,2026-09-17T00:28:09.343404
7a22e279343a57a7,https://www.myjobmag.com/job/3195/office-assistant-watersprings-international,Office Assistant,posted|wp_id=6741|https://nigeria.mimusjobs.com/job/office-assistant/,2026-09-17T00:28:19.334579
660bb283d134f167,https://www.myjobmag.com/job/3191/trainee-counsel,Trainee Counsel,posted|wp_id=42137|https://nigeria.mimusjobs.com/job/trainee-counsel/,2026-09-17T00:28:32.463635
aa2c22354ffe09ad,https://www.myjobmag.com/job/3188/laboratory-advisor-management-sciences-for-health-msh,Laboratory Advisor,posted|wp_id=42139|https://nigeria.mimusjobs.com/job/laboratory-advisor/,2026-09-17T00:28:49.923214
9ad9249d742cb7b3,https://www.myjobmag.com/job/3189/laboratory-systems-specialist-management-sciences-for-health-msh,Laboratory Systems Specialist,posted|wp_id=42141|https://nigeria.mimusjobs.com/job/laboratory-systems-specialist/,2026-09-17T00:29:08.598602
37d6bcfa388501f9,https://www.myjobmag.com/job/3190/senior-laboratory-officer-management-sciences-for-health-msh,Senior Laboratory Officer,posted|wp_id=42143|https://nigeria.mimusjobs.com/job/senior-laboratory-officer/,2026-09-17T00:29:26.339674
81c7730aa3d10499,https://www.myjobmag.com/job/3187/aflasafe-plant-technician-iita-international-institute-of-tropical-agriculture,Aflasafe Plant Technician,posted|wp_id=42145|https://nigeria.mimusjobs.com/job/aflasafe-plant-technician/,2026-09-17T00:29:42.013741
4058fd4d810dbca6,https://www.myjobmag.com/job/3186/banking-jobs-standard-chartered-bank,Banking Jobs,posted|wp_id=42146|https://nigeria.mimusjobs.com/job/banking-jobs/,2026-09-17T00:29:57.447529
bb48319ba9ed3dc8,https://www.myjobmag.com/job/3184/teaching-positions,Teaching Positions,posted|wp_id=1367|https://nigeria.mimusjobs.com/job/teaching-positions/,2026-09-17T00:30:18.356489
94d7f48e7c955775,https://www.myjobmag.com/job/3185/non-teaching-positions,Non Teaching Positions,posted|wp_id=41617|https://nigeria.mimusjobs.com/job/non-teaching-positions/,2026-09-17T00:30:34.019154
6433cfb8f0d8618a,https://www.myjobmag.com/job/3183/physician-us-embassy,Physician,posted|wp_id=18816|https://nigeria.mimusjobs.com/job/physician/,2026-09-17T00:30:46.652912
f9c9ae94821ab651,https://www.myjobmag.com/job/3182/project-manager,Project Manager,posted|wp_id=21609|https://nigeria.mimusjobs.com/job/project-manager/,2026-09-17T00:30:57.300100
8d7eb784f3c9fe12,https://www.myjobmag.com/job/3181/head-bss-oss-t2-formerly-9mobile,Head BSS/OSS,posted|wp_id=42148|https://nigeria.mimusjobs.com/job/head-bss-oss/,2026-09-17T00:31:17.954919
c033d40f22b10ef9,https://www.myjobmag.com/job/3180/technical-manager-reservoir-development-services-baker-hughes,Technical Manager - Reservoir Development Services,posted|wp_id=42150|https://nigeria.mimusjobs.com/job/technical-manager-reservoir-development-services/,2026-09-17T00:31:39.785011
2c1350140190c954,https://www.myjobmag.com/job/3175/director-of-marketing-ericsson,Director of Marketing,posted|wp_id=42152|https://nigeria.mimusjobs.com/job/director-of-marketing/,2026-09-17T00:31:57.152440
a125b3cc5c4dc460,https://www.myjobmag.com/job/3176/account-manager-ericsson,Account Manager,posted|wp_id=13126|https://nigeria.mimusjobs.com/job/account-manager/,2026-09-17T00:32:09.311701
5c026084b63a571a,https://www.myjobmag.com/job/3177/solution-architect-m-commerce-ericsson,Solution Architect - M-Commerce,posted|wp_id=42154|https://nigeria.mimusjobs.com/job/solution-architect-m-commerce/,2026-09-17T00:32:25.348289
09fc9a38696957e6,https://www.myjobmag.com/job/3178/itte-delivery-manager-rssa-hub-ericsson,ITTE Delivery Manager RSSA HUB,posted|wp_id=42156|https://nigeria.mimusjobs.com/job/itte-delivery-manager-rssa-hub/,2026-09-17T00:32:42.233790
4d470d17ea42190b,https://www.myjobmag.com/job/3179/regional-delivery-manager-region-sub-saharan-africa-ericsson,Regional Delivery Manager - Region Sub Saharan Africa,posted|wp_id=42158|https://nigeria.mimusjobs.com/job/regional-delivery-manager-region-sub-saharan-africa/,2026-09-17T00:32:55.754152
c7663cf7996a5005,https://www.myjobmag.com/job/3170/product-manager-ethical-amp-otc,Product Manager/Ethical & OTC,posted|wp_id=42159|https://nigeria.mimusjobs.com/job/product-manager-ethical-otc/,2026-09-17T00:33:10.424317
6991d91a1cab0dc1,https://www.myjobmag.com/job/3171/medical-sales-representatives,Medical Sales Representatives,posted|wp_id=12543|https://nigeria.mimusjobs.com/job/medical-sales-representatives/,2026-09-17T00:33:18.497476
bbc3f99bb62fa149,https://www.myjobmag.com/job/3172/production-pharmacist,Production Pharmacist,posted|wp_id=3635|https://nigeria.mimusjobs.com/job/production-pharmacist/,2026-09-17T00:33:25.512949
86b6268649324e11,https://www.myjobmag.com/job/3173/production-supervisor,Production Supervisor,posted|wp_id=28756|https://nigeria.mimusjobs.com/job/production-supervisor/,2026-09-17T00:33:32.855285
9f2ae047c1483f5a,https://www.myjobmag.com/job/3174/engineering-technician-electrical-and-mechanical,Engineering Technician (Electrical and Mechanical),posted|wp_id=42160|https://nigeria.mimusjobs.com/job/engineering-technician-electrical-and-mechanical/,2026-09-17T00:33:45.285246
fb787d88d0c213f7,https://www.myjobmag.com/job/3169/workshop-operations-engineer,Workshop Operations Engineer,posted|wp_id=42161|https://nigeria.mimusjobs.com/job/workshop-operations-engineer/,2026-09-17T00:33:58.245316
a4f952a3c96b76a7,https://www.myjobmag.com/job/3168/business-strengthening-advisor-banyan-global,Business Strengthening Advisor,posted|wp_id=42165|https://nigeria.mimusjobs.com/job/business-strengthening-advisor/,2026-09-17T00:34:16.931883
cbfc83d60fa1d585,https://www.myjobmag.com/job/3161/project-managers,Project Managers,posted|wp_id=42166|https://nigeria.mimusjobs.com/job/project-managers/,2026-09-17T00:34:31.259443
bfe6752d586a1fd7,https://www.myjobmag.com/job/3162/civil-engineers,Civil Engineers,posted|wp_id=41519|https://nigeria.mimusjobs.com/job/civil-engineers/,2026-09-17T00:34:40.312170
4206484a8c5d32ac,https://www.myjobmag.com/job/3163/architects,Architects,posted|wp_id=41518|https://nigeria.mimusjobs.com/job/architects/,2026-09-17T00:34:48.283887
df90ea866c0ea2d9,https://www.myjobmag.com/job/3164/quantity-surveyors,Quantity Surveyors,posted|wp_id=41520|https://nigeria.mimusjobs.com/job/quantity-surveyors/,2026-09-17T00:34:56.008142
7c98804d1ed54215,https://www.myjobmag.com/job/3165/land-surveyors,Land Surveyors,posted|wp_id=42167|https://nigeria.mimusjobs.com/job/land-surveyors/,2026-09-17T00:35:11.161944
e000aae7a8a01064,https://www.myjobmag.com/job/3166/mechanical-electrical-engineers,Mechanical/Electrical Engineers,posted|wp_id=42168|https://nigeria.mimusjobs.com/job/mechanical-electrical-engineers/,2026-09-17T00:35:22.927133
ef976e1b3e265b53,https://www.myjobmag.com/job/3167/accountants,Accountants,posted|wp_id=41483|https://nigeria.mimusjobs.com/job/accountants/,2026-09-17T00:35:31.475998
522bdf4790d57dbc,https://www.myjobmag.com/job/3160/trainee-drilling-supervisor-exxonmobil,Trainee Drilling Supervisor,posted|wp_id=42170|https://nigeria.mimusjobs.com/job/trainee-drilling-supervisor/,2026-09-17T00:35:46.389154
8aa3f9453029beaa,https://www.myjobmag.com/job/3156/university-librarian,University Librarian,posted|wp_id=42171|https://nigeria.mimusjobs.com/job/university-librarian/,2026-09-17T00:35:58.768207
f3c0b06d78d1313a,https://www.myjobmag.com/job/3157/department-of-biological-sciences,Department of Biological Sciences,posted|wp_id=42172|https://nigeria.mimusjobs.com/job/department-of-biological-sciences/,2026-09-17T00:36:12.539601
08ae21587f185482,https://www.myjobmag.com/job/3158/department-of-history-languages,Department of History Languages,posted|wp_id=42173|https://nigeria.mimusjobs.com/job/department-of-history-languages/,2026-09-17T00:36:24.091480
ec5956ccb7f7812c,https://www.myjobmag.com/job/3159/faculty-of-engineering,Faculty of Engineering,posted|wp_id=42174|https://nigeria.mimusjobs.com/job/faculty-of-engineering/,2026-09-17T00:36:35.489205
83d0cf0f470335b4,https://www.myjobmag.com/job/3155/graduate-trainees-punch-newspaper,Graduate Trainees,posted|wp_id=11980|https://nigeria.mimusjobs.com/job/graduate-trainees/,2026-09-17T00:36:48.654436
04da8ede86d9b33f,https://www.myjobmag.com/job/3153/subject-officers-west-african-examination-council-waec,Subject Officers,posted|wp_id=42178|https://nigeria.mimusjobs.com/job/subject-officers/,2026-09-17T05:04:07.755391
5c3f97cc129a3d5c,https://www.myjobmag.com/job/3154/christian-religious-studies-west-african-examination-council-waec,,skipped_incomplete,2026-09-17T05:04:07.755615
b4157eb4292db420,https://www.myjobmag.com/job/3151/environmental-laboratory-analyst,Environmental Laboratory Analyst,posted|wp_id=42179|https://nigeria.mimusjobs.com/job/environmental-laboratory-analyst/,2026-09-17T05:04:18.934190
56b7b5c172af49e3,https://www.myjobmag.com/job/3152/environmental-scientist,Environmental Scientist,posted|wp_id=42180|https://nigeria.mimusjobs.com/job/environmental-scientist/,2026-09-17T05:04:27.944427
024cad502def6dee,https://www.myjobmag.com/job/3148/medical-positions-isalu-hospitals,Medical Positions,posted|wp_id=42184|https://nigeria.mimusjobs.com/job/medical-positions/,2026-09-17T05:04:41.543448
96cef9091ce78356,https://www.myjobmag.com/job/3149/customer-service-executives-isalu-hospitals,Customer Service Executives,posted|wp_id=42186|https://nigeria.mimusjobs.com/job/customer-service-executives/,2026-09-17T05:04:51.423328
c3388cbb3ce7b529,https://www.myjobmag.com/job/3150/caterers-isalu-hospitals,Caterers,posted|wp_id=42188|https://nigeria.mimusjobs.com/job/caterers/,2026-09-17T05:05:00.892586
138f873bcc0c442b,https://www.myjobmag.com/job/3146/food-microbiologist,Food Microbiologist,posted|wp_id=42189|https://nigeria.mimusjobs.com/job/food-microbiologist/,2026-09-17T05:05:11.366303
aba057a9df5ee0e1,https://www.myjobmag.com/job/3147/seasoning-technologist,Seasoning Technologist,posted|wp_id=42190|https://nigeria.mimusjobs.com/job/seasoning-technologist/,2026-09-17T05:05:19.356115
91f710b9d84d873e,https://www.myjobmag.com/job/3144/quantity-surveyor,Quantity Surveyor,posted|wp_id=5622|https://nigeria.mimusjobs.com/job/quantity-surveyor/,2026-09-17T05:05:26.595648
bbb68575b296b4b9,https://www.myjobmag.com/job/3145/facilities-supervisor,Facilities Supervisor,posted|wp_id=23241|https://nigeria.mimusjobs.com/job/facilities-supervisor/,2026-09-17T05:05:32.588120
cac8073f1a96211a,https://www.myjobmag.com/job/3143/project-officer,Project Officer,posted|wp_id=500|https://nigeria.mimusjobs.com/job/project-officer/,2026-09-17T05:05:39.473113
812a0a5ccad63975,https://www.myjobmag.com/job/3142/database-curator-data-analyst-iita-international-institute-of-tropical-agriculture,Database Curator/Data Analyst,posted|wp_id=42192|https://nigeria.mimusjobs.com/job/database-curator-data-analyst/,2026-09-17T05:05:51.576231
a22339411d4cecc5,https://www.myjobmag.com/job/3138/general-manager-sales-and-marketing-dangote,"General Manager, Sales and Marketing",posted|wp_id=42194|https://nigeria.mimusjobs.com/job/general-manager-sales-and-marketing/,2026-09-17T05:06:04.523932
0bbc8c45273cb1a4,https://www.myjobmag.com/job/3139/general-manager-supply-chain-dangote,General Manager Supply Chain,posted|wp_id=42196|https://nigeria.mimusjobs.com/job/general-manager-supply-chain/,2026-09-17T05:06:16.544792
263ceb8e36fd2bb2,https://www.myjobmag.com/job/3140/general-manager-logistics-and-transportation-dangote,"General Manager, Logistics and Transportation",posted|wp_id=42198|https://nigeria.mimusjobs.com/job/general-manager-logistics-and-transportation/,2026-09-17T05:06:27.266590
e73a991f16a33201,https://www.myjobmag.com/job/3141/head-corporate-sales-dangote,"Head, Corporate Sales",posted|wp_id=42200|https://nigeria.mimusjobs.com/job/head-corporate-sales/,2026-09-17T05:06:37.859281
13078dc898a62e51,https://www.myjobmag.com/job/3137/country-manager-kenya-airways,Country Manager,posted|wp_id=42204|https://nigeria.mimusjobs.com/job/country-manager/,2026-09-17T05:06:53.707011
9c9cc4aa29a04aec,https://www.myjobmag.com/job/3133/secretary-receptionist,Secretary/Receptionist,posted|wp_id=42205|https://nigeria.mimusjobs.com/job/secretary-receptionist/,2026-09-17T05:07:08.259646
36454b9335e6c997,https://www.myjobmag.com/job/3134/public-relations-officer,Public Relations Officer,posted|wp_id=18187|https://nigeria.mimusjobs.com/job/public-relations-officer/,2026-09-17T05:07:14.141152
e69479212c72a7e4,https://www.myjobmag.com/job/3135/sales-marketing-officers,Sales/Marketing Officers,posted|wp_id=42206|https://nigeria.mimusjobs.com/job/sales-marketing-officers/,2026-09-17T05:07:22.046137
623428019012f74b,https://www.myjobmag.com/job/3136/av-technicians,AV Technicians,posted|wp_id=42207|https://nigeria.mimusjobs.com/job/av-technicians/,2026-09-17T05:07:29.914003
faeef622241c5ad6,https://www.myjobmag.com/job/3131/advisory-forensics-assistant-consultant-pricewaterhousecoopers-pwc,Advisory Forensics - Assistant Consultant,posted|wp_id=42208|https://nigeria.mimusjobs.com/job/advisory-forensics-assistant-consultant/,2026-09-17T05:07:39.909841
d9c2182aebcd820d,https://www.myjobmag.com/job/3132/advisory-forensics-consultant-pricewaterhousecoopers-pwc,Advisory - Forensics (Consultant),posted|wp_id=42209|https://nigeria.mimusjobs.com/job/advisory-forensics-consultant/,2026-09-17T05:07:48.499056
7b8a4ca48e164082,https://www.myjobmag.com/job/3130/pneumonia-advisor-tship,Pneumonia Advisor,posted|wp_id=42211|https://nigeria.mimusjobs.com/job/pneumonia-advisor/,2026-09-17T05:08:01.171849
4f9cc5907b86d4bd,https://www.myjobmag.com/job/3304/business-development-manager-ghana-superflux-international-limited,Business Development Manager- Ghana,posted|wp_id=42213|https://nigeria.mimusjobs.com/job/business-development-manager-ghana/,2026-09-17T05:08:15.690345
f4142daf67df1768,https://www.myjobmag.com/job/3305/group-head-business-development-abuja-superflux-international-limited,"Group Head, Business Development -Abuja",posted|wp_id=42215|https://nigeria.mimusjobs.com/job/group-head-business-development-abuja/,2026-09-17T05:08:25.967629
c4470bca8d402597,https://www.myjobmag.com/job/3306/business-development-managers-superflux-international-limited,Business Development Managers,posted|wp_id=41881|https://nigeria.mimusjobs.com/job/business-development-managers/,2026-09-17T05:08:32.325248
8af6d625479d6b0c,https://www.myjobmag.com/job/3307/human-resources-manager-superflux-international-limited,Human Resources Manager,posted|wp_id=9721|https://nigeria.mimusjobs.com/job/human-resources-manager/,2026-09-17T05:08:38.427126
936e928fe7f66854,https://www.myjobmag.com/job/3308/senior-audit-executives-superflux-international-limited,Senior Audit Executives,posted|wp_id=42217|https://nigeria.mimusjobs.com/job/senior-audit-executives/,2026-09-17T05:08:47.620136
b97df020562e1210,https://www.myjobmag.com/job/3309/senior-facility-mft-admin-executive-superflux-international-limited,Senior Facility MFT./Admin Executive,posted|wp_id=42219|https://nigeria.mimusjobs.com/job/senior-facility-mft-admin-executive/,2026-09-17T05:08:56.904178
14722b1247947d7d,https://www.myjobmag.com/job/3310/cost-estimator-superflux-international-limited,Cost Estimator,posted|wp_id=42221|https://nigeria.mimusjobs.com/job/cost-estimator/,2026-09-17T05:09:06.957307
755531890c463c33,https://www.myjobmag.com/job/3311/production-supervisors-superflux-international-limited,Production Supervisors,posted|wp_id=42064|https://nigeria.mimusjobs.com/job/production-supervisors/,2026-09-17T05:09:13.479756
8af4fb5f4450a058,https://www.myjobmag.com/job/3303/medical-jobs,Medical Jobs,posted|wp_id=42222|https://nigeria.mimusjobs.com/job/medical-jobs/,2026-09-17T05:09:22.950412
85ed24285a467967,https://www.myjobmag.com/job/3302/medical-jobs,Medical Jobs,posted|wp_id=42222|https://nigeria.mimusjobs.com/job/medical-jobs/,2026-09-17T05:09:29.934052
b242400e81cfc3f2,https://www.myjobmag.com/job/3297/production-manager,Production Manager,posted|wp_id=79|https://nigeria.mimusjobs.com/job/production-manager/,2026-09-17T05:09:36.687115
11ee1f2d5f08ba6d,https://www.myjobmag.com/job/3298/factory-manager,Factory Manager,posted|wp_id=42223|https://nigeria.mimusjobs.com/job/factory-manager/,2026-09-17T05:09:44.392458
f2c1e0d01ae14099,https://www.myjobmag.com/job/3299/quality-control-manager,Quality Control Manager,posted|wp_id=42224|https://nigeria.mimusjobs.com/job/quality-control-manager/,2026-09-17T05:09:52.763114
8872751ff6a3faf0,https://www.myjobmag.com/job/3300/internal-auditor,Internal Auditor,posted|wp_id=2725|https://nigeria.mimusjobs.com/job/internal-auditor/,2026-09-17T05:09:58.885840
f9be884a12c1ccea,https://www.myjobmag.com/job/3301/editors,Editors,posted|wp_id=42225|https://nigeria.mimusjobs.com/job/editors/,2026-09-17T05:10:09.065242
b73a61b6f4b20fd7,https://www.myjobmag.com/job/3295/office-manager,Office Manager,posted|wp_id=41682|https://nigeria.mimusjobs.com/job/office-manager/,2026-09-17T05:10:16.894241
8b36cb666d47d691,https://www.myjobmag.com/job/3296/junior-accountant,Junior Accountant,posted|wp_id=2451|https://nigeria.mimusjobs.com/job/junior-accountant/,2026-09-17T05:10:22.949595
c3602a76c25ad6bf,https://www.myjobmag.com/job/3293/project-manager-nigerian-conservation-foundation,Project Manager,posted|wp_id=21609|https://nigeria.mimusjobs.com/job/project-manager/,2026-09-17T05:10:31.939053
48093205b8cefa5f,https://www.myjobmag.com/job/3294/wildlife-officer-nigerian-conservation-foundation,Wildlife Officer,posted|wp_id=42227|https://nigeria.mimusjobs.com/job/wildlife-officer/,2026-09-17T05:10:40.446861
7ea398ce8492c771,https://www.myjobmag.com/job/3286/electrical-engineer-powerex,Electrical Engineer,posted|wp_id=22013|https://nigeria.mimusjobs.com/job/electrical-engineer/,2026-09-17T05:10:50.596467
f1597cfe8c752316,https://www.myjobmag.com/job/3287/marketing-officer-powerex,Marketing Officer,posted|wp_id=1819|https://nigeria.mimusjobs.com/job/marketing-officer/,2026-09-17T05:10:57.263828
06efaae6f7a3381d,https://www.myjobmag.com/job/3288/head-business-development-powerex,Head Business Development,posted|wp_id=25604|https://nigeria.mimusjobs.com/job/head-business-development/,2026-09-17T05:11:03.986172
b14a3a4845b5132a,https://www.myjobmag.com/job/3289/head-procurement-and-logistics-powerex,Head Procurement and Logistics,posted|wp_id=42231|https://nigeria.mimusjobs.com/job/head-procurement-and-logistics/,2026-09-17T05:11:13.730651
02818a91717b8c35,https://www.myjobmag.com/job/3290/marketing-officer-independent-powerex,Marketing Officer (Independent),posted|wp_id=42233|https://nigeria.mimusjobs.com/job/marketing-officer-independent/,2026-09-17T05:11:23.256475
2d14dfdb01535542,https://www.myjobmag.com/job/3291/head-hr-admin-powerex,Head HR/Admin,posted|wp_id=42235|https://nigeria.mimusjobs.com/job/head-hr-admin/,2026-09-17T05:11:32.587799
1b579408f02d82c6,https://www.myjobmag.com/job/3292/head-procurement-and-logistics-powerex,Head Procurement and Logistics,posted|wp_id=42231|https://nigeria.mimusjobs.com/job/head-procurement-and-logistics/,2026-09-17T05:11:39.026779
299f16b7de66a26e,https://www.myjobmag.com/job/3285/country-program-manager-aids-healthcare-foundation,Country Program Manager,posted|wp_id=42237|https://nigeria.mimusjobs.com/job/country-program-manager/,2026-09-17T05:11:51.639688
1dfaa788cd275710,https://www.myjobmag.com/job/3273/hotel-manager,Hotel Manager,posted|wp_id=25414|https://nigeria.mimusjobs.com/job/hotel-manager/,2026-09-17T05:11:59.317504
42d455f67753a169,https://www.myjobmag.com/job/3274/accountant,Accountant,posted|wp_id=463|https://nigeria.mimusjobs.com/job/accountant/,2026-09-17T05:12:06.111893
38aaf17ac822a0c6,https://www.myjobmag.com/job/3275/internal-auditor,Internal Auditor,posted|wp_id=2725|https://nigeria.mimusjobs.com/job/internal-auditor/,2026-09-17T05:12:12.571641
b91d551d64ef3174,https://www.myjobmag.com/job/3276/duty-manager,Duty Manager,posted|wp_id=21899|https://nigeria.mimusjobs.com/job/duty-manager/,2026-09-17T05:12:18.343753
92c065041ff3052f,https://www.myjobmag.com/job/3277/guest-service-agents-gsa-receptionists,GUEST SERVICE AGENTS(GSA)/RECEPTIONISTS,posted|wp_id=42238|https://nigeria.mimusjobs.com/job/guest-service-agentsgsa-receptionists/,2026-09-17T05:12:26.705415
5f69b068068163ab,https://www.myjobmag.com/job/3278/housekeepers,Housekeepers,posted|wp_id=42239|https://nigeria.mimusjobs.com/job/housekeepers/,2026-09-17T05:12:34.469998
bdbad87cbc4ada4d,https://www.myjobmag.com/job/3279/room-attendants-laundrymen,Room Attendants/Laundrymen,posted|wp_id=42240|https://nigeria.mimusjobs.com/job/room-attendants-laundrymen/,2026-09-17T05:12:42.488759
f54af891355c51ee,https://www.myjobmag.com/job/3280/duty-technicians,Duty Technicians,posted|wp_id=42241|https://nigeria.mimusjobs.com/job/duty-technicians/,2026-09-17T05:12:50.520553
9d92c023e336e172,https://www.myjobmag.com/job/3281/store-keepers,Store Keepers,posted|wp_id=42028|https://nigeria.mimusjobs.com/job/store-keepers/,2026-09-17T05:12:55.781027
dee972c437275bfc,https://www.myjobmag.com/job/3282/barmen-waiters-waitresses,Barmen/Waiters/Waitresses,posted|wp_id=42242|https://nigeria.mimusjobs.com/job/barmen-waiters-waitresses/,2026-09-17T05:13:03.715412
f03763a389a28441,https://www.myjobmag.com/job/3283/plumber,Plumber,posted|wp_id=28654|https://nigeria.mimusjobs.com/job/plumber/,2026-09-17T05:13:09.568379
1018f339091ada80,https://www.myjobmag.com/job/3284/drivers,Drivers,posted|wp_id=10434|https://nigeria.mimusjobs.com/job/drivers/,2026-09-17T05:13:15.094076
3fb978f7e54e1546,https://www.myjobmag.com/job/3272/brand-activation-executives,Brand Activation Executives,posted|wp_id=42243|https://nigeria.mimusjobs.com/job/brand-activation-executives/,2026-09-17T05:13:24.125025
c5cce5fd5aeebf34,https://www.myjobmag.com/job/3266/0rganisational-design-and-development,0RGANISATIONAL DESIGN AND DEVELOPMENT,posted|wp_id=42244|https://nigeria.mimusjobs.com/job/0rganisational-design-and-development/,2026-09-17T05:13:33.930466
ac9b171cdcf2d0ff,https://www.myjobmag.com/job/3267/system-and-process-design,SYSTEM AND PROCESS DESIGN,posted|wp_id=42245|https://nigeria.mimusjobs.com/job/system-and-process-design/,2026-09-17T05:13:41.728299
ebdb0d1154dff52c,https://www.myjobmag.com/job/3268/center-manager-for-agro-input-centre,CENTER MANAGER FOR AGRO INPUT CENTRE,posted|wp_id=42246|https://nigeria.mimusjobs.com/job/center-manager-for-agro-input-centre/,2026-09-17T05:13:49.835158
8a3c3c2d72db41d7,https://www.myjobmag.com/job/3269/policy-analysis-coordination-and-management,"POLICY ANALYSIS, COORDINATION AND MANAGEMENT",posted|wp_id=42247|https://nigeria.mimusjobs.com/job/policy-analysis-coordination-and-management/,2026-09-17T05:13:58.137691
a595db50b70636f0,https://www.myjobmag.com/job/3270/strategic-planning,STRATEGIC PLANNING,posted|wp_id=42248|https://nigeria.mimusjobs.com/job/strategic-planning/,2026-09-17T05:14:07.764917
f21a97b09a387bb3,https://www.myjobmag.com/job/3271/public-administration,PUBLIC ADMINISTRATION,posted|wp_id=42249|https://nigeria.mimusjobs.com/job/public-administration/,2026-09-17T05:14:16.896140
c2755ad21f4aa6bc,https://www.myjobmag.com/job/3265/stitchers-tailors,Stitchers/Tailors,posted|wp_id=42250|https://nigeria.mimusjobs.com/job/stitchers-tailors/,2026-09-17T05:14:26.788150
1feeb97ed78c5f8d,https://www.myjobmag.com/job/3264/lawyers,Lawyers,posted|wp_id=42121|https://nigeria.mimusjobs.com/job/lawyers/,2026-09-17T05:14:33.726961
ef57c6f53ce43127,https://www.myjobmag.com/job/3263/project-coordinator,Project Coordinator,posted|wp_id=14239|https://nigeria.mimusjobs.com/job/project-coordinator/,2026-09-17T05:14:40.555461
dd61764d4985e4be,https://www.myjobmag.com/job/3253/assistant-director-of-administration-ref-htd-113-ada,Assistant Director of Administration (REF: HTD/113/ADA),posted|wp_id=42251|https://nigeria.mimusjobs.com/job/assistant-director-of-administration-ref-htd-113-ada/,2026-09-17T05:14:49.605103
e84a1be673ae2ebb,https://www.myjobmag.com/job/3254/chief-administrative-officer-ref-htd-113-cao,Chief Administrative Officer (REF: HTD/113/CAO),posted|wp_id=42252|https://nigeria.mimusjobs.com/job/chief-administrative-officer-ref-htd-113-cao/,2026-09-17T05:14:58.255223
92fa0861d8c94b2c,https://www.myjobmag.com/job/3255/assistant-chief-administrative-officer-ref-htd-113-acao,Assistant Chief Administrative Officer (REF: HTD/113/ACAO),posted|wp_id=42253|https://nigeria.mimusjobs.com/job/assistant-chief-administrative-officer-ref-htd-113-acao/,2026-09-17T05:15:08.233205
c026c67da8314400,https://www.myjobmag.com/job/3256/assistant-chief-internal-auditor-htd-113-acia,Assistant Chief Internal Auditor (HTD/113/ACIA),posted|wp_id=42254|https://nigeria.mimusjobs.com/job/assistant-chief-internal-auditor-htd-113-acia/,2026-09-17T05:15:16.328691
ca9a7d2b9352ebf4,https://www.myjobmag.com/job/3257/principal-internal-auditor-htd-113-pia,Principal Internal Auditor (HTD/113/PIA),posted|wp_id=42255|https://nigeria.mimusjobs.com/job/principal-internal-auditor-htd-113-pia/,2026-09-17T05:15:24.386713
035a0266ceeeeb64,https://www.myjobmag.com/job/3258/chief-engineer-htd-113-ce,Chief Engineer (HTD/113/CE),posted|wp_id=42256|https://nigeria.mimusjobs.com/job/chief-engineer-htd-113-ce/,2026-09-17T05:15:32.568658
676c43e06bbda828,https://www.myjobmag.com/job/3259/principal-engineer-mechanical-engineering-htd-113-pem,Principal Engineer (Mechanical Engineering) HTD/113/PEM,posted|wp_id=42257|https://nigeria.mimusjobs.com/job/principal-engineer-mechanical-engineering-htd-113-pem/,2026-09-17T05:15:40.515272
1fe3ca5f1121fb6a,https://www.myjobmag.com/job/3260/principal-engineer-civil-engineering-ref-htd-113-pec,Principal Engineer (Civil Engineering) REF: HTD/113/PEC,posted|wp_id=42258|https://nigeria.mimusjobs.com/job/principal-engineer-civil-engineering-ref-htd-113-pec/,2026-09-17T05:15:49.194640
28199bfb0828e78c,https://www.myjobmag.com/job/3261/facilities-manager-ref-htd-113-fm,Facilities Manager (REF: HTD/113/FM),posted|wp_id=42259|https://nigeria.mimusjobs.com/job/facilities-manager-ref-htd-113-fm/,2026-09-17T05:15:57.375444
573fc12fabdde3e1,https://www.myjobmag.com/job/3262/estate-manager-ref-htd-113-em,Estate Manager (REF: HTD/113/EM),posted|wp_id=42260|https://nigeria.mimusjobs.com/job/estate-manager-ref-htd-113-em/,2026-09-17T05:16:07.018715
a605e8aa39ca5f52,https://www.myjobmag.com/job/3252/accountant,Accountant,posted|wp_id=463|https://nigeria.mimusjobs.com/job/accountant/,2026-09-17T05:16:14.719204
14fc25b1a5253d7f,https://www.myjobmag.com/job/3249/national-marketing-manager,National Marketing Manager,posted|wp_id=42261|https://nigeria.mimusjobs.com/job/national-marketing-manager/,2026-09-17T05:16:24.988414
363c907c87cdb18e,https://www.myjobmag.com/job/3250/regional-manager,Regional Manager,posted|wp_id=5463|https://nigeria.mimusjobs.com/job/regional-manager/,2026-09-17T05:16:31.056213
ac7c93b8a3553ac4,https://www.myjobmag.com/job/3251/experienced-ethical-and-otc-reps,Experienced Ethical and OTC Reps,posted|wp_id=42262|https://nigeria.mimusjobs.com/job/experienced-ethical-and-otc-reps/,2026-09-17T05:16:39.579031
346486aa36dd53d2,https://www.myjobmag.com/job/3245/factory-admin-manager,Factory/Admin Manager,posted|wp_id=42263|https://nigeria.mimusjobs.com/job/factory-admin-manager/,2026-09-17T05:16:49.177796
796698c3567d273a,https://www.myjobmag.com/job/3246/project-manager,Project Manager,posted|wp_id=21609|https://nigeria.mimusjobs.com/job/project-manager/,2026-09-17T05:16:55.383601
1b365e3b9661ff74,https://www.myjobmag.com/job/3247/marketing-officer,Marketing Officer,posted|wp_id=1819|https://nigeria.mimusjobs.com/job/marketing-officer/,2026-09-17T05:17:00.956928
e1e77f8d887d2539,https://www.myjobmag.com/job/3248/supervisor,Supervisor,posted|wp_id=26272|https://nigeria.mimusjobs.com/job/supervisor/,2026-09-17T05:17:18.073263
81b5c1037a29ac75,https://www.myjobmag.com/job/3238/front-office-staff,Front Office Staff,posted|wp_id=42264|https://nigeria.mimusjobs.com/job/front-office-staff/,2026-09-17T05:17:29.485554
ab2d50e22f297e96,https://www.myjobmag.com/job/3239/nursery-teachers,Nursery Teachers,posted|wp_id=41512|https://nigeria.mimusjobs.com/job/nursery-teachers/,2026-09-17T05:17:35.299557
1343e0df8c834fc7,https://www.myjobmag.com/job/3240/class-teachers,Class Teachers,posted|wp_id=42265|https://nigeria.mimusjobs.com/job/class-teachers/,2026-09-17T05:17:43.578896
05b8fca276af85b5,https://www.myjobmag.com/job/3241/assistant-teachers,Assistant Teachers,posted|wp_id=42266|https://nigeria.mimusjobs.com/job/assistant-teachers/,2026-09-17T05:17:52.747017
890fda9043a989f6,https://www.myjobmag.com/job/3242/specialist-teachers,Specialist Teachers,posted|wp_id=42267|https://nigeria.mimusjobs.com/job/specialist-teachers/,2026-09-17T05:18:02.628009
9e85d064c2a8e784,https://www.myjobmag.com/job/3243/support-staff,Support Staff,posted|wp_id=3360|https://nigeria.mimusjobs.com/job/support-staff/,2026-09-17T05:18:09.731764
637e3afb9817e75d,https://www.myjobmag.com/job/3244/school-nurse,School Nurse,posted|wp_id=32419|https://nigeria.mimusjobs.com/job/school-nurse/,2026-09-17T05:18:16.199015
df235c76b4942e37,https://www.myjobmag.com/job/3236/teaching-positions-wider-perspectives,Teaching Positions,posted|wp_id=1367|https://nigeria.mimusjobs.com/job/teaching-positions/,2026-09-17T05:18:26.720345
63d276e0b429a30f,https://www.myjobmag.com/job/3237/non-teaching-position-wider-perspectives,Non-Teaching Position,posted|wp_id=42271|https://nigeria.mimusjobs.com/job/non-teaching-position/,2026-09-17T05:18:36.855639
5425bbccfebd197e,https://www.myjobmag.com/job/3233/head-project-secretariat-es0053-human-capital-partners-hcp,"Head, Project Secretariat (ES0053)",posted|wp_id=42273|https://nigeria.mimusjobs.com/job/head-project-secretariat-es0053/,2026-09-17T05:18:48.524570
b4a127efb652667d,https://www.myjobmag.com/job/3234/strategy-coordination-manager-es0054-human-capital-partners-hcp,Strategy Coordination Manager (ES0054),posted|wp_id=42275|https://nigeria.mimusjobs.com/job/strategy-coordination-manager-es0054/,2026-09-17T05:18:58.838009
0c645f31db5cf697,https://www.myjobmag.com/job/3235/data-manager-es0055-human-capital-partners-hcp,Data Manager (ES0055),posted|wp_id=42277|https://nigeria.mimusjobs.com/job/data-manager-es0055/,2026-09-17T05:19:12.061917
8ba705e987529934,https://www.myjobmag.com/job/3229/medical-representatives,Medical Representatives,posted|wp_id=41615|https://nigeria.mimusjobs.com/job/medical-representatives/,2026-09-17T05:19:20.289375
a6bcc41d6e519055,https://www.myjobmag.com/job/3230/regional-sales-manager,Regional Sales Manager,posted|wp_id=22415|https://nigeria.mimusjobs.com/job/regional-sales-manager/,2026-09-17T05:19:27.703737
1212d735489a284a,https://www.myjobmag.com/job/3231/national-sales-manager,National Sales Manager,posted|wp_id=23831|https://nigeria.mimusjobs.com/job/national-sales-manager/,2026-09-17T05:19:34.770969
aa74dd000f76e5f0,https://www.myjobmag.com/job/3232/marketing-manager,Marketing Manager,posted|wp_id=1090|https://nigeria.mimusjobs.com/job/marketing-manager/,2026-09-17T05:19:41.409468
e784e443023493b6,https://www.myjobmag.com/job/3228/research-clinican-medical-research-council,Research Clinican,posted|wp_id=42281|https://nigeria.mimusjobs.com/job/research-clinican/,2026-09-17T05:19:55.656022
42cc558605c041cb,https://www.myjobmag.com/job/3227/programme-associate-un-women,Programme Associate,posted|wp_id=42283|https://nigeria.mimusjobs.com/job/programme-associate/,2026-09-17T05:20:12.952431
8994fc0fe2452a15,https://www.myjobmag.com/job/3225/trainee-drilling-supervisor-exxonmobil,Trainee Drilling Supervisor,posted|wp_id=42170|https://nigeria.mimusjobs.com/job/trainee-drilling-supervisor/,2026-09-17T05:20:24.113650
840396f0e4b1cc17,https://www.myjobmag.com/job/3226/experienced-drilling-supervisor-exxonmobil,Experienced Drilling Supervisor,posted|wp_id=42285|https://nigeria.mimusjobs.com/job/experienced-drilling-supervisor/,2026-09-17T05:20:37.973477
0e329c54afdf5e70,https://www.myjobmag.com/job/3214/senior-programme-officer-ty-danjuma-foundation,Senior Programme Officer,posted|wp_id=42289|https://nigeria.mimusjobs.com/job/senior-programme-officer/,2026-09-17T05:20:55.990263
bfd8e94b4f3c8294,https://www.myjobmag.com/job/3215/education-programme-officer-ty-danjuma-foundation,Education Programme Officer,posted|wp_id=42291|https://nigeria.mimusjobs.com/job/education-programme-officer/,2026-09-17T05:21:07.371569
2858424957de3035,https://www.myjobmag.com/job/3216/income-generation-programme-officer-ty-danjuma-foundation,Income Generation Programme Officer,posted|wp_id=42293|https://nigeria.mimusjobs.com/job/income-generation-programme-officer/,2026-09-17T05:21:19.350826
17a264e16edf55f6,https://www.myjobmag.com/job/3217/administrative-and-training-officer-ty-danjuma-foundation,Administrative and Training Officer,posted|wp_id=42295|https://nigeria.mimusjobs.com/job/administrative-and-training-officer/,2026-09-17T05:21:32.219556
9235e32446fe8e59,https://www.myjobmag.com/job/3218/executive-assistant-ty-danjuma-foundation,Executive Assistant,posted|wp_id=2569|https://nigeria.mimusjobs.com/job/executive-assistant/,2026-09-17T05:21:38.661774
68069662b8e49faf,https://www.myjobmag.com/job/3219/assistant-programme-officer-ty-danjuma-foundation,Assistant Programme Officer,posted|wp_id=32475|https://nigeria.mimusjobs.com/job/assistant-programme-officer/,2026-09-17T05:21:45.381224
8184f0dd80b6b71b,https://www.myjobmag.com/job/3220/finance-and-administrative-assistant-ty-danjuma-foundation,Finance and Administrative Assistant,posted|wp_id=42297|https://nigeria.mimusjobs.com/job/finance-and-administrative-assistant/,2026-09-17T05:21:55.120429
7e942afab99415aa,https://www.myjobmag.com/job/3221/ict-library-intern-ty-danjuma-foundation,ICT/Library Intern,posted|wp_id=42299|https://nigeria.mimusjobs.com/job/ict-library-intern/,2026-09-17T05:22:06.935152
3bdbc8e6ffa5148d,https://www.myjobmag.com/job/3222/interns-ty-danjuma-foundation,Interns,posted|wp_id=26497|https://nigeria.mimusjobs.com/job/interns/,2026-09-17T05:22:14.349984
5527044458ae092e,https://www.myjobmag.com/job/3223/volunteers-ty-danjuma-foundation,Volunteers,posted|wp_id=42301|https://nigeria.mimusjobs.com/job/volunteers/,2026-09-17T05:22:26.185916
395749639fc66b43,https://www.myjobmag.com/job/3224/consultant-3-months-ty-danjuma-foundation,Consultant (3 months),posted|wp_id=42303|https://nigeria.mimusjobs.com/job/consultant-3-months/,2026-09-17T05:22:38.502575
c3c4c3ed9defbe05,https://www.myjobmag.com/job/3212/administrative-assistant-us-embassy,Administrative Assistant,posted|wp_id=5216|https://nigeria.mimusjobs.com/job/administrative-assistant/,2026-09-17T05:23:07.369956
f4016a24d9e0dc5d,https://www.myjobmag.com/job/3208/medical-house-officers,Medical House Officers,posted|wp_id=42304|https://nigeria.mimusjobs.com/job/medical-house-officers/,2026-09-17T05:23:18.326905
e958c63afb399e6e,https://www.myjobmag.com/job/3209/intern-pharmacists,Intern Pharmacists,posted|wp_id=42305|https://nigeria.mimusjobs.com/job/intern-pharmacists/,2026-09-17T05:23:28.128030
e72496be87986c72,https://www.myjobmag.com/job/3210/intern-medical-lab-scientists,Intern Medical Lab Scientists,posted|wp_id=42306|https://nigeria.mimusjobs.com/job/intern-medical-lab-scientists/,2026-09-17T05:23:37.577170
ca32fc692ff83048,https://www.myjobmag.com/job/3211/intern-physiotherapists,Intern Physiotherapists,posted|wp_id=42307|https://nigeria.mimusjobs.com/job/intern-physiotherapists/,2026-09-17T05:23:46.002407
85c5e4da44cab9fd,https://www.myjobmag.com/job/3207/ehssq-supervisor-oando,EHSSQ Supervisor,posted|wp_id=42308|https://nigeria.mimusjobs.com/job/ehssq-supervisor/,2026-09-17T05:23:56.640369
2f691e9302b67196,https://www.myjobmag.com/job/3206/deepwater-drilling-engineer-dovre-group,Deepwater Drilling Engineer,posted|wp_id=42312|https://nigeria.mimusjobs.com/job/deepwater-drilling-engineer/,2026-09-17T05:24:10.427129
e7ebc51195133c31,https://www.myjobmag.com/job/3205/graduate-trainees-access-bank,Graduate Trainees,posted|wp_id=11980|https://nigeria.mimusjobs.com/job/graduate-trainees/,2026-09-17T05:24:18.616927
0129a2408727f319,https://www.myjobmag.com/job/3204/banking-jobs-stanbic-ibtc,Banking Jobs,posted|wp_id=42146|https://nigeria.mimusjobs.com/job/banking-jobs/,2026-09-17T05:24:26.682966
8c770bb8e0c1e67b,https://www.myjobmag.com/job/3203/estate-surveyor-manager,Estate Surveyor/Manager,posted|wp_id=42313|https://nigeria.mimusjobs.com/job/estate-surveyor-manager/,2026-09-17T05:24:36.072138
4a0ca702d55958ec,https://www.myjobmag.com/job/3202/audit-officer,Audit Officer,posted|wp_id=42314|https://nigeria.mimusjobs.com/job/audit-officer/,2026-09-17T05:24:45.747182
6b73cfd34f8f2f70,https://www.myjobmag.com/job/3404/production-pharmacists-afrab-chem,Production Pharmacists,posted|wp_id=42316|https://nigeria.mimusjobs.com/job/production-pharmacists/,2026-09-17T05:24:59.269656
a11d2ead7e574117,https://www.myjobmag.com/job/3405/medical-representatives-east-and-lagos-afrab-chem,Medical Representatives (East and Lagos),posted|wp_id=42317|https://nigeria.mimusjobs.com/job/medical-representatives-east-and-lagos/,2026-09-17T05:25:10.408324
8643fba02f723958,https://www.myjobmag.com/job/3402/finance-and-admin-officer-catholic-organization-for-relief-and-development-aid-cordaid,Finance and Admin Officer,posted|wp_id=28934|https://nigeria.mimusjobs.com/job/finance-and-admin-officer/,2026-09-17T05:25:21.322347
323e01aea31c5451,https://www.myjobmag.com/job/3403/program-manager-catholic-organization-for-relief-and-development-aid-cordaid,Program Manager,posted|wp_id=17422|https://nigeria.mimusjobs.com/job/program-manager/,2026-09-17T05:25:28.645752
127c2ebecbaed074,https://www.myjobmag.com/job/3399/finance-manager,Finance Manager,posted|wp_id=20978|https://nigeria.mimusjobs.com/job/finance-manager/,2026-09-17T05:25:36.596794
02c976daffcdfd6a,https://www.myjobmag.com/job/3400/area-sales-manager,Area Sales Manager,posted|wp_id=916|https://nigeria.mimusjobs.com/job/area-sales-manager/,2026-09-17T05:25:43.073207
6786a83f3f15c370,https://www.myjobmag.com/job/3401/confidential-secretary,Confidential Secretary,posted|wp_id=42320|https://nigeria.mimusjobs.com/job/confidential-secretary/,2026-09-17T05:25:52.016030
169f356344f5b521,https://www.myjobmag.com/job/3395/senior-program-officer-achieving-health-nigeria-initiative-ahni,Senior Program Officer,posted|wp_id=42321|https://nigeria.mimusjobs.com/job/senior-program-officer/,2026-09-17T05:26:02.781517
22fe301fe348d300,https://www.myjobmag.com/job/3388/head-of-projects,Head of Projects,posted|wp_id=42322|https://nigeria.mimusjobs.com/job/head-of-projects/,2026-09-17T05:26:12.777396
c15d79b3fdb6fb86,https://www.myjobmag.com/job/3389/quantity-surveyor,Quantity Surveyor,posted|wp_id=5622|https://nigeria.mimusjobs.com/job/quantity-surveyor/,2026-09-17T05:26:18.624948
f405d225dd85f931,https://www.myjobmag.com/job/3390/site-engineer,Site Engineer,posted|wp_id=11660|https://nigeria.mimusjobs.com/job/site-engineer/,2026-09-17T05:26:24.300040
304c096b7aac3079,https://www.myjobmag.com/job/3391/store-keeper,Store Keeper,posted|wp_id=2749|https://nigeria.mimusjobs.com/job/store-keeper/,2026-09-17T05:26:30.307986
c0eebc519757817e,https://www.myjobmag.com/job/3392/electricians-and-plumbers,Electricians and Plumbers,posted|wp_id=42323|https://nigeria.mimusjobs.com/job/electricians-and-plumbers/,2026-09-17T05:26:38.636015
a320964c17c3719a,https://www.myjobmag.com/job/3393/personal-chef,Personal Chef,posted|wp_id=42324|https://nigeria.mimusjobs.com/job/personal-chef/,2026-09-17T05:26:47.145967
fc6defceeb7cf184,https://www.myjobmag.com/job/3394/drivers,Drivers,posted|wp_id=10434|https://nigeria.mimusjobs.com/job/drivers/,2026-09-17T05:26:53.270834
0e5898c45542ab15,https://www.myjobmag.com/job/3387/health-safety-environment-and-quality-hseq-assessment-engineers-achilles,Health Safety Environment and Quality (HSEQ) Assessment Engineers,posted|wp_id=42328|https://nigeria.mimusjobs.com/job/health-safety-environment-and-quality-hseq-assessment-engineers/,2026-09-17T05:27:07.493175
d01bb382dd2ac257,https://www.myjobmag.com/job/3384/sales-rep,Sales Rep,posted|wp_id=42034|https://nigeria.mimusjobs.com/job/sales-rep/,2026-09-17T05:27:14.754080
2ccb3b5515e5ca31,https://www.myjobmag.com/job/3385/medical-rep,Medical Rep,posted|wp_id=42329|https://nigeria.mimusjobs.com/job/medical-rep/,2026-09-17T05:27:24.251665
8ea7c1709f04042c,https://www.myjobmag.com/job/3386/accounts-clerk,Accounts Clerk,posted|wp_id=38656|https://nigeria.mimusjobs.com/job/accounts-clerk/,2026-09-17T05:27:30.561316
1062c230185cfe09,https://www.myjobmag.com/job/3382/gm-business-development,GM Business Development,posted|wp_id=42330|https://nigeria.mimusjobs.com/job/gm-business-development/,2026-09-17T05:27:41.816186
356f264eadd6ca8f,https://www.myjobmag.com/job/3383/gm-operations,GM Operations,posted|wp_id=42331|https://nigeria.mimusjobs.com/job/gm-operations/,2026-09-17T05:27:50.998201
9d0e363ad23874e5,https://www.myjobmag.com/job/3379/audit-positions,Audit Positions,posted|wp_id=42332|https://nigeria.mimusjobs.com/job/audit-positions/,2026-09-17T05:28:01.761076
e0c2a0a548df8c35,https://www.myjobmag.com/job/3380/information-technology-support-staff-rn2-iss,Information Technology Support Staff (RN2-ISS),posted|wp_id=42333|https://nigeria.mimusjobs.com/job/information-technology-support-staff-rn2-iss/,2026-09-17T05:28:10.198945
6617104692080d12,https://www.myjobmag.com/job/3381/secretary-rn3-oss,Secretary (RN3-OSS),posted|wp_id=42334|https://nigeria.mimusjobs.com/job/secretary-rn3-oss/,2026-09-17T05:28:18.352346
c6166e8cce453a61,https://www.myjobmag.com/job/3377/registrar,Registrar,posted|wp_id=12885|https://nigeria.mimusjobs.com/job/registrar/,2026-09-17T05:28:25.550063
1a140c841b4d06f1,https://www.myjobmag.com/job/3378/vice-chancellor,Vice Chancellor,posted|wp_id=4290|https://nigeria.mimusjobs.com/job/vice-chancellor/,2026-09-17T05:28:31.608087
0770722aaf9b000c,https://www.myjobmag.com/job/3372/general-manager,General Manager,posted|wp_id=18482|https://nigeria.mimusjobs.com/job/general-manager/,2026-09-17T05:28:39.385134
407ff0db70b62f20,https://www.myjobmag.com/job/3373/head-strategy-and-planning-senior-manager,Head Strategy and Planning (Senior Manager),posted|wp_id=42335|https://nigeria.mimusjobs.com/job/head-strategy-and-planning-senior-manager/,2026-09-17T05:28:47.299198
